﻿<?xml version="1.0" encoding="utf-8" ?>
<Species>
  <Key>SAKIYAN</Key>
  <Name>Sakiyan</Name>
  <Description>
    [H4]Sakiyan[h4]
    Please see page 98 of the Lords of Nal Hutta Sourcebook for details.
  </Description>
  <Source>Lords of Nal Hutta</Source>
  <StartingChars>
    <Brawn>2</Brawn>
    <Agility>2</Agility>
    <Intellect>3</Intellect>
    <Cunning>2</Cunning>
    <Willpower>2</Willpower>
    <Presence>2</Presence>
  </StartingChars>
  <StartingAttrs>
    <WoundThreshold>8</WoundThreshold>
    <StrainThreshold>10</StrainThreshold>
    <Experience>80</Experience>
  </StartingAttrs>
  <SkillModifiers>
  </SkillModifiers>
  <TalentModifiers>
    <TalentModifier>
      <Key>EXTRACK</Key>
      <RankAdd>1</RankAdd>
    </TalentModifier>
  </TalentModifiers>
  <OptionChoices>
    <OptionChoice>
      <Key>SAKIYANOC1</Key>
      <Name>Skills</Name>
      <Options>
        <Option>
          <Key>SAKIYANOC1OP1</Key>
          <Name>Perception</Name>
          <Description>Sakiyans may begin the game with one rank in Perception.</Description>
          <SkillModifiers>
            <SkillModifier>
              <Key>PERC</Key>
              <RankStart>1</RankStart>
            </SkillModifier>
          </SkillModifiers>
        </Option>
        <Option>
          <Key>SAKIYANOC1OP2</Key>
          <Name>Vigilance</Name>
          <Description>Sakiyans may begin the game with one rank in Vigilance.</Description>
          <SkillModifiers>
            <SkillModifier>
              <Key>VIGIL</Key>
              <RankStart>1</RankStart>
            </SkillModifier>
          </SkillModifiers>
        </Option>
      </Options>
    </OptionChoice>
  </OptionChoices>
</Species>
