<?xml version="1.0"?>
<Species xmlns:xsi="http://www.w3.org/2001/XMLSchema-instance" xmlns:xsd="http://www.w3.org/2001/XMLSchema">
  <Key>SELONIAN</Key>
  <Name>Selonian</Name>
  <Description>[H4]Selonian[h4]
Please see page 91 of the Suns of Fortune Sourcebook for details.
</Description>
  <Source>Suns of Fortune</Source>
  <StartingChars>
    <Brawn>2</Brawn>
    <Agility>3</Agility>
    <Intellect>2</Intellect>
    <Cunning>1</Cunning>
    <Willpower>3</Willpower>
    <Presence>1</Presence>
    <Requirement>
      <WearingArmor>false</WearingArmor>
      <Career>false</Career>
      <Specialization>false</Specialization>
      <NonCareer>false</NonCareer>
      <SoakAtLeast>0</SoakAtLeast>
    </Requirement>
  </StartingChars>
  <StartingAttrs>
    <WoundThreshold>11</WoundThreshold>
    <StrainThreshold>10</StrainThreshold>
    <DefenseRanged>0</DefenseRanged>
    <DefenseMelee>0</DefenseMelee>
    <SoakValue>0</SoakValue>
    <Experience>80</Experience>
    <ForceRating>0</ForceRating>
    <Requirement>
      <WearingArmor>false</WearingArmor>
      <Career>false</Career>
      <Specialization>false</Specialization>
      <NonCareer>false</NonCareer>
      <SoakAtLeast>0</SoakAtLeast>
    </Requirement>
  </StartingAttrs>
  <SkillModifiers>
    <SkillModifier>
      <Key>COORD</Key>
      <RankStart>1</RankStart>
      <RankAdd>0</RankAdd>
      <RankLimit>0</RankLimit>
      <isCareer>false</isCareer>
      <Requirement>
        <WearingArmor>false</WearingArmor>
        <Career>false</Career>
        <Specialization>false</Specialization>
        <NonCareer>false</NonCareer>
        <SoakAtLeast>0</SoakAtLeast>
      </Requirement>
    </SkillModifier>
  </SkillModifiers>
  <TalentModifiers />
  <OptionChoices>
    <OptionChoice>
      <Key>SELONIANCH1</Key>
      <Name>Sight</Name>
      <Description />
      <Source />
      <Custom>Base</Custom>
      <Options>
        <Option>
          <Key>SELONIANCH1OP1</Key>
          <Name>Sees in Darkness</Name>
          <Description>Selonians see in almost total darkness.  Remove all [SETBACK] added due to darkness.</Description>
          <Source />
          <Custom>Base</Custom>
          <StartingChars>
            <Brawn>1</Brawn>
            <Agility>1</Agility>
            <Intellect>1</Intellect>
            <Cunning>1</Cunning>
            <Willpower>1</Willpower>
            <Presence>1</Presence>
            <Requirement>
              <WearingArmor>false</WearingArmor>
              <Career>false</Career>
              <Specialization>false</Specialization>
              <NonCareer>false</NonCareer>
              <SoakAtLeast>0</SoakAtLeast>
            </Requirement>
          </StartingChars>
          <StartingAttributes>
            <WoundThreshold>0</WoundThreshold>
            <StrainThreshold>0</StrainThreshold>
            <DefenseRanged>0</DefenseRanged>
            <DefenseMelee>0</DefenseMelee>
            <SoakValue>0</SoakValue>
            <Experience>0</Experience>
            <ForceRating>0</ForceRating>
            <Requirement>
              <WearingArmor>false</WearingArmor>
              <Career>false</Career>
              <Specialization>false</Specialization>
              <NonCareer>false</NonCareer>
              <SoakAtLeast>0</SoakAtLeast>
            </Requirement>
          </StartingAttributes>
          <StartingSkillTraining />
          <SkillModifiers />
          <TalentModifiers />
        </Option>
      </Options>
    </OptionChoice>
  </OptionChoices>
  <WeaponModifiers>
    <WeaponModifier>
      <Unarmed>false</Unarmed>
      <UnarmedName>Tail</UnarmedName>
      <SkillKey>BRAWL</SkillKey>
      <AllSkillKey />
      <Damage>0</Damage>
      <DamageAdd>1</DamageAdd>
      <Crit>5</Crit>
      <CritSub>0</CritSub>
      <Range>Engaged</Range>
      <Qualities>
        <Quality>
          <Key>DISORIENT</Key>
          <Count>2</Count>
          <Index>0</Index>
          <MiscDesc />
          <DefZone />
        </Quality>
        <Quality>
          <Key>KNOCKDOWN</Key>
          <Count>0</Count>
          <Index>0</Index>
          <MiscDesc />
          <DefZone />
        </Quality>
      </Qualities>
    </WeaponModifier>
  </WeaponModifiers>
  <NoForceAbilities>false</NoForceAbilities>
</Species>