﻿<?xml version="1.0" encoding="utf-8" ?>
<Specialization>
  <Key>AMBASSADOR</Key>
  <Name>Ambassador</Name>
  <Description>
    [H4]Ambassador - Courting Support[h4]
    Please see page 79 of the Age of Rebellion Core Rulebook for details.
  </Description>
  <Source>Age of Rebellion Core Rulebook</Source>
  <CareerSkills>
    <Key>CHARM</Key>
    <Key>DISC</Key>
    <Key>CORE</Key>
    <Key>NEG</Key>
  </CareerSkills>
  <TalentRows>
    <TalentRow>
      <Index>0</Index>
      <Cost>5</Cost>
      <Talents>
        <Key>INDIS</Key>
        <Key>KILL</Key>
        <Key>NOBFOOL</Key>
        <Key>CONF</Key>
      </Talents>
      <Directions>
        <Direction>
        </Direction>
        <Direction>
          <Down>true</Down>
        </Direction>
        <Direction>
          <Down>true</Down>
        </Direction>
        <Direction>
          <Down>true</Down>
        </Direction>
      </Directions>
    </TalentRow>
    <TalentRow>
      <Index>1</Index>
      <Cost>10</Cost>
      <Talents>
        <Key>INDIS</Key>
        <Key>GRIT</Key>
        <Key>GRIT</Key>
        <Key>DODGE</Key>
      </Talents>
      <Directions>
        <Direction>
          <Right>true</Right>
        </Direction>
        <Direction>
		  <Up>true</Up>
          <Down>true</Down>
          <Left>true</Left>
        </Direction>
        <Direction>
          <Down>true</Down>
		  <Up>true</Up>
        </Direction>
        <Direction>
          <Down>true</Down>
          <Up>true</Up>
        </Direction>
      </Directions>
    </TalentRow>
    <TalentRow>
      <Index>2</Index>
      <Cost>15</Cost>
      <Talents>
        <Key>KILL</Key>
        <Key>INSPRHET</Key>
        <Key>STNERV</Key>
        <Key>CONF</Key>
      </Talents>
      <Directions>
        <Direction>
          <Down>true</Down>
          <Right>true</Right>
        </Direction>
        <Direction>
          <Right>true</Right>
          <Down>true</Down>
          <Up>true</Up>
          <Left>true</Left>
        </Direction>
        <Direction>
          <Right>true</Right>
          <Up>true</Up>
          <Left>true</Left>
        </Direction>
        <Direction>
          <Down>true</Down>
          <Up>true</Up>
          <Left>true</Left>
        </Direction>
      </Directions>
    </TalentRow>
    <TalentRow>
      <Index>3</Index>
      <Cost>20</Cost>
      <Talents>
        <Key>INSPRHETIMP</Key>
        <Key>INTENSPRE</Key>
        <Key>WORKLIKECHARM</Key>
        <Key>DODGE</Key>
      </Talents>
      <Directions>
        <Direction>
          <Down>true</Down>
          <Up>true</Up>
        </Direction>
        <Direction>
          <Right>true</Right>
          <Down>true</Down>
          <Up>true</Up>
        </Direction>
        <Direction>
          <Left>true</Left>
        </Direction>
        <Direction>
          <Down>true</Down>
          <Up>true</Up>
        </Direction>
      </Directions>
    </TalentRow>
    <TalentRow>
      <Index>4</Index>
      <Cost>25</Cost>
      <Talents>
        <Key>INSPRHETSUP</Key>
        <Key>NATCHARM</Key>
        <Key>DEDI</Key>
        <Key>SIXSENSE</Key>
      </Talents>
      <Directions>
        <Direction>
          <Up>true</Up>
        </Direction>
        <Direction>
          <Up>true</Up>
          <Right>true</Right>
        </Direction>
        <Direction>
          <Up>true</Up>
          <Left>true</Left>
        </Direction>
        <Direction>
          <Up>true</Up>
        </Direction>
      </Directions>
    </TalentRow>
  </TalentRows>
</Specialization>