﻿<?xml version="1.0" encoding="utf-8" ?>
<Specialization>
  <Key>COMMANDO</Key>
  <Name>Commando</Name>
  <Description>
    [H4]Commando - Strike the Target[h4]
    Please see page 91 of the Age of Rebellion Core Rulebook for details.
  </Description>
  <Source>Age of Rebellion Core Rulebook</Source>
  <CareerSkills>
    <Key>BRAWL</Key>
    <Key>MELEE</Key>
    <Key>RESIL</Key>
    <Key>SURV</Key>
  </CareerSkills>
  <TalentRows>
    <TalentRow>
      <Index>0</Index>
      <Cost>5</Cost>
      <Talents>
        <Key>PHYSTRAIN</Key>
        <Key>GRIT</Key>
        <Key>TOUGH</Key>
        <Key>POINTBL</Key>
      </Talents>
      <Directions>
        <Direction>
		  <Down>true</Down>
        </Direction>
        <Direction>
        </Direction>
        <Direction>
          <Down>true</Down>
        </Direction>
        <Direction>
          <Down>true</Down>
        </Direction>
      </Directions>
    </TalentRow>
    <TalentRow>
      <Index>1</Index>
      <Cost>10</Cost>
      <Talents>
        <Key>TOUGH</Key>
        <Key>DURA</Key>
        <Key>PHYSTRAIN</Key>
        <Key>STRONG</Key>
      </Talents>
      <Directions>
        <Direction>
          <Up>true</Up>
          <Right>true</Right>
        </Direction>
        <Direction>
          <Down>true</Down>
          <Right>true</Right>
          <Left>true</Left>
        </Direction>
        <Direction>
          <Up>true</Up>
          <Down>true</Down>
          <Right>true</Right>
          <Left>true</Left>
        </Direction>
        <Direction>
          <Up>true</Up>
          <Left>true</Left>
          <Down>true</Down>
        </Direction>
      </Directions>
    </TalentRow>
    <TalentRow>
      <Index>2</Index>
      <Cost>15</Cost>
      <Talents>
        <Key>BLO</Key>
        <Key>ARM</Key>
        <Key>NATOUT</Key>
        <Key>FERSTR</Key>
      </Talents>
      <Directions>
        <Direction>
          <Right>true</Right>
          <Down>true</Down>
        </Direction>
        <Direction>
          <Up>true</Up>
          <Down>true</Down>
          <Left>true</Left>
        </Direction>
        <Direction>
          <Up>true</Up>
        </Direction>
        <Direction>
          <Up>true</Up>
		  <Down>true</Down>
        </Direction>
      </Directions>
    </TalentRow>
    <TalentRow>
      <Index>3</Index>
      <Cost>20</Cost>
      <Talents>
        <Key>TOUGH</Key>
        <Key>HERO</Key>
        <Key>DURA</Key>
        <Key>KNOCK</Key>
      </Talents>
      <Directions>
        <Direction>
          <Right>true</Right>
          <Up>true</Up>
          <Down>true</Down>
        </Direction>
        <Direction>
          <Right>true</Right>
		  <Left>true</Left>
          <Up>true</Up>
          <Down>true</Down>
        </Direction>
        <Direction>
          <Left>true</Left>
          <Down>true</Down>
        </Direction>
        <Direction>
          <Down>true</Down>
          <Up>true</Up>
        </Direction>
      </Directions>
    </TalentRow>
    <TalentRow>
      <Index>4</Index>
      <Cost>25</Cost>
      <Talents>
        <Key>ARMIMP</Key>
        <Key>DEDI</Key>
        <Key>UNSTOP</Key>
        <Key>FERSTR</Key>
      </Talents>
      <Directions>
        <Direction>
          <Up>true</Up>
        </Direction>
        <Direction>
          <Up>true</Up>
        </Direction>
        <Direction>
          <Up>true</Up>
        </Direction>
        <Direction>
          <Up>true</Up>
        </Direction>
      </Directions>
    </TalentRow>
  </TalentRows>
</Specialization>