﻿<?xml version="1.0" encoding="utf-8" ?>
<Specialization>
  <Key>DEMOLITIONIST</Key>
  <Name>Demolitionist</Name>
  <Description>
    [H4]Demolitionist &#8212; Force of Destruction[h4]
    Please see page 28 of the Dangerous Covenants Sourcebook for details.
  </Description>
  <Source>Dangerous Covenants</Source>
  <CareerSkills>
    <Key>COMP</Key>
    <Key>COOL</Key>
    <Key>MECH</Key>
    <Key>SKUL</Key>
  </CareerSkills>
  <TalentRows>
    <TalentRow>
      <Index>0</Index>
      <Cost>5</Cost>
      <Talents>
        <Key>PWRBLST</Key>
        <Key>GRIT</Key>
        <Key>SELDETON</Key>
        <Key>STEADYNERVES</Key>
      </Talents>
      <Directions>
        <Direction>
          <Down>true</Down>
        </Direction>
        <Direction>
          <Down>true</Down>
        </Direction>
        <Direction>
        </Direction>
        <Direction>
          <Down>true</Down>
        </Direction>
      </Directions>
    </TalentRow>
    <TalentRow>
      <Index>1</Index>
      <Cost>10</Cost>
      <Talents>
        <Key>TOUGH</Key>
        <Key>TIME2GO</Key>
        <Key>PWRBLST</Key>
        <Key>GRIT</Key>
      </Talents>
      <Directions>
        <Direction>
          <Up>true</Up>
          <Down>true</Down>
        </Direction>
        <Direction>
          <Up>true</Up>
          <Down>true</Down>
        </Direction>
        <Direction>
          <Right>true</Right>
          <Down>true</Down>
        </Direction>
        <Direction>
          <Left>true</Left>
          <Up>true</Up>
          <Down>true</Down>
        </Direction>
      </Directions>
    </TalentRow>
    <TalentRow>
      <Index>2</Index>
      <Cost>15</Cost>
      <Talents>
        <Key>ENDUR</Key>
        <Key>TIME2GOIMP</Key>
        <Key>STEADYNERVES</Key>
        <Key>RAPREA</Key>
      </Talents>
      <Directions>
        <Direction>
          <Up>true</Up>
          <Down>true</Down>
        </Direction>
        <Direction>
          <Up>true</Up>
        </Direction>
        <Direction>
          <Up>true</Up>
          <Down>true</Down>
        </Direction>
        <Direction>
          <Up>true</Up>
          <Down>true</Down>
        </Direction>
      </Directions>
    </TalentRow>
    <TalentRow>
      <Index>3</Index>
      <Cost>20</Cost>
      <Talents>
        <Key>IMPDET</Key>
        <Key>PWRBLST</Key>
        <Key>GRIT</Key>
        <Key>SELDETON</Key>
      </Talents>
      <Directions>
        <Direction>
          <Up>true</Up>
          <Down>true</Down>
          <Right>true</Right>
        </Direction>
        <Direction>
          <Right>true</Right>
          <Left>true</Left>
        </Direction>
        <Direction>
          <Up>true</Up>
          <Down>true</Down>
          <Right>true</Right>
          <Left>true</Left>
        </Direction>
        <Direction>
          <Left>true</Left>
          <Up>true</Up>
        </Direction>
      </Directions>
    </TalentRow>
    <TalentRow>
      <Index>4</Index>
      <Cost>25</Cost>
      <Talents>
        <Key>IMPDETIMP</Key>
        <Key>DEDI</Key>
        <Key>MASGREN</Key>
        <Key>SELDETON</Key>
      </Talents>
      <Directions>
        <Direction>
          <Up>true</Up>
        </Direction>
        <Direction>
          <Right>true</Right>
        </Direction>
        <Direction>
          <Up>true</Up>
          <Right>true</Right>
          <Left>true</Left>
        </Direction>
        <Direction>
          <Left>true</Left>
        </Direction>
      </Directions>
    </TalentRow>
  </TalentRows>
</Specialization>