﻿<?xml version="1.0"?>
<Specialization xmlns:xsi="http://www.w3.org/2001/XMLSchema-instance" xmlns:xsd="http://www.w3.org/2001/XMLSchema">
  <Key>GAMBLER</Key>
  <Name>Gambler</Name>
  <Description>
    [H4]Gambler - The Wild Card[h4]
    Please see page 28 of the Fly Casual Sourcebook for details.
  </Description>
  <Source>Fly Casual</Source>
  <Sources />
  <CareerSkills>
    <Key>COMP</Key>
    <Key>COOL</Key>
    <Key>DECEP</Key>
    <Key>SKUL</Key>
  </CareerSkills>
  <TalentRows>
    <TalentRow>
      <Index>0</Index>
      <Cost>5</Cost>
      <Talents>
        <Key>CONV</Key>
        <Key>GRIT</Key>
        <Key>TOUGH</Key>
        <Key>UPANTE</Key>
      </Talents>
      <Directions>
        <Direction>
          <Left>false</Left>
          <Right>false</Right>
          <Up>false</Up>
          <Down>true</Down>
        </Direction>
        <Direction>
          <Left>false</Left>
          <Right>false</Right>
          <Up>false</Up>
          <Down>true</Down>
        </Direction>
        <Direction>
          <Left>false</Left>
          <Right>false</Right>
          <Up>false</Up>
          <Down>false</Down>
        </Direction>
        <Direction>
          <Left>false</Left>
          <Right>false</Right>
          <Up>false</Up>
          <Down>false</Down>
        </Direction>
      </Directions>
    </TalentRow>
    <TalentRow>
      <Index>0</Index>
      <Cost>10</Cost>
      <Talents>
        <Key>GRIT</Key>
        <Key>SECCHANCE</Key>
        <Key>DEDI</Key>
        <Key>DOUBLEORNOTHINGSUP</Key>
      </Talents>
      <Directions>
        <Direction>
          <Left>false</Left>
          <Right>false</Right>
          <Up>true</Up>
          <Down>true</Down>
        </Direction>
        <Direction>
          <Left>false</Left>
          <Right>false</Right>
          <Up>true</Up>
          <Down>true</Down>
        </Direction>
        <Direction>
          <Left>false</Left>
          <Right>true</Right>
          <Up>false</Up>
          <Down>false</Down>
        </Direction>
        <Direction>
          <Left>true</Left>
          <Right>false</Right>
          <Up>false</Up>
          <Down>true</Down>
        </Direction>
      </Directions>
    </TalentRow>
    <TalentRow>
      <Index>0</Index>
      <Cost>15</Cost>
      <Talents>
        <Key>SECCHANCE</Key>
        <Key>CONV</Key>
        <Key>FORTFAVORBOLD</Key>
        <Key>NATROG</Key>
      </Talents>
      <Directions>
        <Direction>
          <Left>false</Left>
          <Right>false</Right>
          <Up>true</Up>
          <Down>true</Down>
        </Direction>
        <Direction>
          <Left>false</Left>
          <Right>false</Right>
          <Up>true</Up>
          <Down>true</Down>
        </Direction>
        <Direction>
          <Left>false</Left>
          <Right>false</Right>
          <Up>false</Up>
          <Down>true</Down>
        </Direction>
        <Direction>
          <Left>false</Left>
          <Right>false</Right>
          <Up>true</Up>
          <Down>true</Down>
        </Direction>
      </Directions>
    </TalentRow>
    <TalentRow>
      <Index>0</Index>
      <Cost>20</Cost>
      <Talents>
        <Key>UPANTE</Key>
        <Key>UPANTE</Key>
        <Key>CLEVERSOLN</Key>
        <Key>SECCHANCE</Key>
      </Talents>
      <Directions>
        <Direction>
          <Left>false</Left>
          <Right>false</Right>
          <Up>true</Up>
          <Down>true</Down>
        </Direction>
        <Direction>
          <Left>false</Left>
          <Right>true</Right>
          <Up>true</Up>
          <Down>false</Down>
        </Direction>
        <Direction>
          <Left>true</Left>
          <Right>true</Right>
          <Up>true</Up>
          <Down>false</Down>
        </Direction>
        <Direction>
          <Left>true</Left>
          <Right>false</Right>
          <Up>true</Up>
          <Down>true</Down>
        </Direction>
      </Directions>
    </TalentRow>
    <TalentRow>
      <Index>0</Index>
      <Cost>25</Cost>
      <Talents>
        <Key>DOUBLEORNOTHING</Key>
        <Key>SMOOTHTALK</Key>
        <Key>NATNEG</Key>
        <Key>DOUBLEORNOTHINGIMP</Key>
      </Talents>
      <Directions>
        <Direction>
          <Left>false</Left>
          <Right>true</Right>
          <Up>true</Up>
          <Down>false</Down>
        </Direction>
        <Direction>
          <Left>true</Left>
          <Right>true</Right>
          <Up>false</Up>
          <Down>false</Down>
        </Direction>
        <Direction>
          <Left>true</Left>
          <Right>true</Right>
          <Up>false</Up>
          <Down>false</Down>
        </Direction>
        <Direction>
          <Left>true</Left>
          <Right>false</Right>
          <Up>true</Up>
          <Down>false</Down>
        </Direction>
      </Directions>
    </TalentRow>
  </TalentRows>
  <Universal>false</Universal>
</Specialization>