﻿<?xml version="1.0" encoding="utf-8" ?>
<Specialization>
  <Key>GUNNER</Key>
  <Name>Gunner</Name>
  <Description>
    [H4]Gunner - Always on Target[h4]
    Please see page 68 of the Age of Rebellion Core Rulebook for details.
  </Description>
  <Source>Age of Rebellion Core Rulebook</Source>
  <CareerSkills>
    <Key>DISC</Key>
    <Key>GUNN</Key>
    <Key>RESIL</Key>
    <Key>RANGHVY</Key>
  </CareerSkills>
  <TalentRows>
    <TalentRow>
      <Index>0</Index>
      <Cost>5</Cost>
      <Talents>
        <Key>DURA</Key>
        <Key>GRIT</Key>
        <Key>OVERDEF</Key>
        <Key>DEPSHOT</Key>
      </Talents>
      <Directions>
        <Direction>
          <Down>true</Down>
        </Direction>
        <Direction>
        </Direction>
        <Direction>
          <Down>true</Down>
        </Direction>
        <Direction>
          <Down>true</Down>
        </Direction>
      </Directions>
    </TalentRow>
    <TalentRow>
      <Index>1</Index>
      <Cost>10</Cost>
      <Talents>
        <Key>TOUGH</Key>
        <Key>BRA</Key>
        <Key>SPARECL</Key>
        <Key>TRUEAIM</Key>
      </Talents>
      <Directions>
        <Direction>
          <Up>true</Up>
          <Right>true</Right>
        </Direction>
        <Direction>
          <Down>true</Down>
          <Left>true</Left>
          <Right>true</Right>
        </Direction>
        <Direction>
          <Down>true</Down>
          <Up>true</Up>
		      <Left>true</Left>
        </Direction>
        <Direction>
          <Up>true</Up>
		      <Down>true</Down>
        </Direction>
      </Directions>
    </TalentRow>
    <TalentRow>
      <Index>2</Index>
      <Cost>15</Cost>
      <Talents>
        <Key>DURA</Key>
        <Key>ENDUR</Key>
        <Key>JURY</Key>
        <Key>OVERDEF</Key>
      </Talents>
      <Directions>
        <Direction>
          <Down>true</Down>
          <Right>true</Right>
        </Direction>
        <Direction>
          <Up>true</Up>
          <Left>true</Left>
        </Direction>
        <Direction>
          <Up>true</Up>
          <Down>true</Down>
        </Direction>
        <Direction>
          <Up>true</Up>
          <Down>true</Down>
        </Direction>
      </Directions>
    </TalentRow>
    <TalentRow>
      <Index>3</Index>
      <Cost>20</Cost>
      <Talents>
        <Key>TOUGH</Key>
        <Key>ENDUR</Key>
        <Key>BRA</Key>
        <Key>EXHPORT</Key>
      </Talents>
      <Directions>
        <Direction>
          <Up>true</Up>
		      <Right>true</Right>
		      <Down>true</Down>
        </Direction>
        <Direction>
          <Down>true</Down>
		      <Right>true</Right>
		      <Left>true</Left>
        </Direction>
        <Direction>
          <Left>true</Left>
          <Up>true</Up>
        </Direction>
        <Direction>
          <Up>true</Up>
          <Down>true</Down>
        </Direction>
      </Directions>
    </TalentRow>
    <TalentRow>
      <Index>4</Index>
      <Cost>25</Cost>
      <Talents>
        <Key>HERO</Key>
        <Key>JURY</Key>
        <Key>DEDI</Key>
        <Key>TRUEAIM</Key>
      </Talents>
      <Directions>
        <Direction>
          <Right>true</Right>
		      <Up>true</Up>
        </Direction>
        <Direction>
          <Right>true</Right>
          <Left>true</Left>
          <Up>true</Up>
        </Direction>
        <Direction>
          <Right>true</Right>
          <Left>true</Left>
        </Direction>
        <Direction>
          <Up>true</Up>
          <Left>true</Left>
        </Direction>
      </Directions>
    </TalentRow>
  </TalentRows>
</Specialization>