<?xml version="1.0"?>
<Specialization xmlns:xsi="http://www.w3.org/2001/XMLSchema-instance" xmlns:xsd="http://www.w3.org/2001/XMLSchema">
  <Key>HUNTER</Key>
  <Name>Hunter</Name>
  <Description>[H4]Hunter[h4]
Please see page 88 of the Force and Destiny Core Rulebook for details.</Description>
  <Source>Force and Destiny Core Rulebook</Source>
  <CareerSkills>
    <Key>COORD</Key>
    <Key>RANGHVY</Key>
    <Key>STEAL</Key>
    <Key>VIGIL</Key>
  </CareerSkills>
  <TalentRows>
    <TalentRow>
      <Index>0</Index>
      <Cost>5</Cost>
      <Talents>
        <Key>RAPREC</Key>
        <Key>HUNT</Key>
        <Key>EXTRACK</Key>
        <Key>TOUGH</Key>
      </Talents>
      <Directions>
        <Direction>
          <Left>false</Left>
          <Right>false</Right>
          <Up>false</Up>
          <Down>true</Down>
        </Direction>
        <Direction>
          <Left>false</Left>
          <Right>false</Right>
          <Up>false</Up>
          <Down>true</Down>
        </Direction>
        <Direction>
          <Left>false</Left>
          <Right>false</Right>
          <Up>false</Up>
          <Down>true</Down>
        </Direction>
        <Direction>
          <Left>false</Left>
          <Right>false</Right>
          <Up>false</Up>
          <Down>false</Down>
        </Direction>
      </Directions>
    </TalentRow>
    <TalentRow>
      <Index>0</Index>
      <Cost>10</Cost>
      <Talents>
        <Key>TOUGH</Key>
        <Key>EXTRACK</Key>
        <Key>HUNT</Key>
        <Key>UNCANSENS</Key>
      </Talents>
      <Directions>
        <Direction>
          <Left>false</Left>
          <Right>true</Right>
          <Up>true</Up>
          <Down>false</Down>
        </Direction>
        <Direction>
          <Left>true</Left>
          <Right>false</Right>
          <Up>true</Up>
          <Down>true</Down>
        </Direction>
        <Direction>
          <Left>false</Left>
          <Right>true</Right>
          <Up>true</Up>
          <Down>true</Down>
        </Direction>
        <Direction>
          <Left>true</Left>
          <Right>false</Right>
          <Up>false</Up>
          <Down>false</Down>
        </Direction>
      </Directions>
    </TalentRow>
    <TalentRow>
      <Index>0</Index>
      <Cost>15</Cost>
      <Talents>
        <Key>SIDESTEP</Key>
        <Key>KEENEYED</Key>
        <Key>NATHUN</Key>
        <Key>UNCANREAC</Key>
      </Talents>
      <Directions>
        <Direction>
          <Left>false</Left>
          <Right>false</Right>
          <Up>false</Up>
          <Down>true</Down>
        </Direction>
        <Direction>
          <Left>false</Left>
          <Right>true</Right>
          <Up>true</Up>
          <Down>true</Down>
        </Direction>
        <Direction>
          <Left>true</Left>
          <Right>true</Right>
          <Up>true</Up>
          <Down>false</Down>
        </Direction>
        <Direction>
          <Left>true</Left>
          <Right>false</Right>
          <Up>false</Up>
          <Down>true</Down>
        </Direction>
      </Directions>
    </TalentRow>
    <TalentRow>
      <Index>0</Index>
      <Cost>20</Cost>
      <Talents>
        <Key>RAPREC</Key>
        <Key>SOFTSP</Key>
        <Key>SIXSENSE</Key>
        <Key>RAPREC</Key>
      </Talents>
      <Directions>
        <Direction>
          <Left>false</Left>
          <Right>true</Right>
          <Up>true</Up>
          <Down>true</Down>
        </Direction>
        <Direction>
          <Left>true</Left>
          <Right>false</Right>
          <Up>true</Up>
          <Down>true</Down>
        </Direction>
        <Direction>
          <Left>false</Left>
          <Right>true</Right>
          <Up>false</Up>
          <Down>true</Down>
        </Direction>
        <Direction>
          <Left>true</Left>
          <Right>false</Right>
          <Up>true</Up>
          <Down>true</Down>
        </Direction>
      </Directions>
    </TalentRow>
    <TalentRow>
      <Index>0</Index>
      <Cost>25</Cost>
      <Talents>
        <Key>SIDESTEP</Key>
        <Key>DEDI</Key>
        <Key>INTUITSHOT</Key>
        <Key>FORCERAT</Key>
      </Talents>
      <Directions>
        <Direction>
          <Left>false</Left>
          <Right>false</Right>
          <Up>true</Up>
          <Down>false</Down>
        </Direction>
        <Direction>
          <Left>false</Left>
          <Right>true</Right>
          <Up>true</Up>
          <Down>false</Down>
        </Direction>
        <Direction>
          <Left>true</Left>
          <Right>true</Right>
          <Up>true</Up>
          <Down>false</Down>
        </Direction>
        <Direction>
          <Left>true</Left>
          <Right>false</Right>
          <Up>true</Up>
          <Down>false</Down>
        </Direction>
      </Directions>
    </TalentRow>
  </TalentRows>
  <Universal>false</Universal>
  <Attributes>
    <WoundThreshold>0</WoundThreshold>
    <StrainThreshold>0</StrainThreshold>
    <DefenseRanged>0</DefenseRanged>
    <DefenseMelee>0</DefenseMelee>
    <SoakValue>0</SoakValue>
    <Experience>0</Experience>
    <ForceRating>0</ForceRating>
    <Requirement>
      <WearingArmor>false</WearingArmor>
      <Career>false</Career>
      <Specialization>false</Specialization>
      <NonCareer>false</NonCareer>
      <SoakAtLeast>0</SoakAtLeast>
    </Requirement>
  </Attributes>
  <Requirements>
    <WoundThreshold>0</WoundThreshold>
    <StrainThreshold>0</StrainThreshold>
    <DefenseRanged>0</DefenseRanged>
    <DefenseMelee>0</DefenseMelee>
    <SoakValue>0</SoakValue>
    <Experience>0</Experience>
    <ForceRating>0</ForceRating>
    <Requirement>
      <WearingArmor>false</WearingArmor>
      <Career>false</Career>
      <Specialization>false</Specialization>
      <NonCareer>false</NonCareer>
      <SoakAtLeast>0</SoakAtLeast>
    </Requirement>
  </Requirements>
</Specialization>