<?xml version="1.0"?>
<Specialization xmlns:xsi="http://www.w3.org/2001/XMLSchema-instance" xmlns:xsd="http://www.w3.org/2001/XMLSchema">
  <Key>PEACE</Key>
  <Name>Peacekeeper</Name>
  <Description>[H4]Peacekeeper[h4]
Please see page 75 of the Force and Destiny Core Rulebook for details.</Description>
  <Source>Force and Destiny Core Rulebook</Source>
  <CareerSkills>
    <Key>DISC</Key>
    <Key>LEAD</Key>
    <Key>PERC</Key>
    <Key>PILOTPL</Key>
  </CareerSkills>
  <TalentRows>
    <TalentRow>
      <Index>0</Index>
      <Cost>5</Cost>
      <Talents>
        <Key>COM</Key>
        <Key>CONF</Key>
        <Key>SECWIND</Key>
        <Key>COMMPRES</Key>
      </Talents>
      <Directions>
        <Direction>
          <Left>false</Left>
          <Right>false</Right>
          <Up>false</Up>
          <Down>true</Down>
        </Direction>
        <Direction>
          <Left>false</Left>
          <Right>false</Right>
          <Up>false</Up>
          <Down>false</Down>
        </Direction>
        <Direction>
          <Left>false</Left>
          <Right>false</Right>
          <Up>false</Up>
          <Down>false</Down>
        </Direction>
        <Direction>
          <Left>false</Left>
          <Right>false</Right>
          <Up>false</Up>
          <Down>true</Down>
        </Direction>
      </Directions>
    </TalentRow>
    <TalentRow>
      <Index>0</Index>
      <Cost>10</Cost>
      <Talents>
        <Key>COMMPRES</Key>
        <Key>TOUGH</Key>
        <Key>SECWIND</Key>
        <Key>CONF</Key>
      </Talents>
      <Directions>
        <Direction>
          <Left>false</Left>
          <Right>true</Right>
          <Up>true</Up>
          <Down>false</Down>
        </Direction>
        <Direction>
          <Left>true</Left>
          <Right>true</Right>
          <Up>false</Up>
          <Down>true</Down>
        </Direction>
        <Direction>
          <Left>true</Left>
          <Right>true</Right>
          <Up>false</Up>
          <Down>true</Down>
        </Direction>
        <Direction>
          <Left>true</Left>
          <Right>false</Right>
          <Up>true</Up>
          <Down>false</Down>
        </Direction>
      </Directions>
    </TalentRow>
    <TalentRow>
      <Index>0</Index>
      <Cost>15</Cost>
      <Talents>
        <Key>TOUGH</Key>
        <Key>ENHLEAD</Key>
        <Key>COM</Key>
        <Key>FLDCOMM</Key>
      </Talents>
      <Directions>
        <Direction>
          <Left>false</Left>
          <Right>true</Right>
          <Up>false</Up>
          <Down>true</Down>
        </Direction>
        <Direction>
          <Left>true</Left>
          <Right>true</Right>
          <Up>true</Up>
          <Down>false</Down>
        </Direction>
        <Direction>
          <Left>true</Left>
          <Right>true</Right>
          <Up>true</Up>
          <Down>false</Down>
        </Direction>
        <Direction>
          <Left>true</Left>
          <Right>false</Right>
          <Up>false</Up>
          <Down>true</Down>
        </Direction>
      </Directions>
    </TalentRow>
    <TalentRow>
      <Index>0</Index>
      <Cost>20</Cost>
      <Talents>
        <Key>STNERV</Key>
        <Key>SECWIND</Key>
        <Key>TOUGH</Key>
        <Key>FLDCOMMIMP</Key>
      </Talents>
      <Directions>
        <Direction>
          <Left>false</Left>
          <Right>true</Right>
          <Up>true</Up>
          <Down>true</Down>
        </Direction>
        <Direction>
          <Left>true</Left>
          <Right>true</Right>
          <Up>false</Up>
          <Down>true</Down>
        </Direction>
        <Direction>
          <Left>true</Left>
          <Right>true</Right>
          <Up>false</Up>
          <Down>true</Down>
        </Direction>
        <Direction>
          <Left>true</Left>
          <Right>false</Right>
          <Up>true</Up>
          <Down>true</Down>
        </Direction>
      </Directions>
    </TalentRow>
    <TalentRow>
      <Index>0</Index>
      <Cost>25</Cost>
      <Talents>
        <Key>UNITYASSAULT</Key>
        <Key>DEDI</Key>
        <Key>FORCERAT</Key>
        <Key>NATLEAD</Key>
      </Talents>
      <Directions>
        <Direction>
          <Left>false</Left>
          <Right>false</Right>
          <Up>true</Up>
          <Down>false</Down>
        </Direction>
        <Direction>
          <Left>false</Left>
          <Right>false</Right>
          <Up>true</Up>
          <Down>false</Down>
        </Direction>
        <Direction>
          <Left>false</Left>
          <Right>false</Right>
          <Up>true</Up>
          <Down>false</Down>
        </Direction>
        <Direction>
          <Left>false</Left>
          <Right>false</Right>
          <Up>true</Up>
          <Down>false</Down>
        </Direction>
      </Directions>
    </TalentRow>
  </TalentRows>
  <Universal>false</Universal>
  <Attributes>
    <WoundThreshold>0</WoundThreshold>
    <StrainThreshold>0</StrainThreshold>
    <DefenseRanged>0</DefenseRanged>
    <DefenseMelee>0</DefenseMelee>
    <SoakValue>0</SoakValue>
    <Experience>0</Experience>
    <ForceRating>0</ForceRating>
    <Requirement>
      <WearingArmor>false</WearingArmor>
      <Career>false</Career>
      <Specialization>false</Specialization>
      <NonCareer>false</NonCareer>
      <SoakAtLeast>0</SoakAtLeast>
    </Requirement>
  </Attributes>
  <Requirements>
    <WoundThreshold>0</WoundThreshold>
    <StrainThreshold>0</StrainThreshold>
    <DefenseRanged>0</DefenseRanged>
    <DefenseMelee>0</DefenseMelee>
    <SoakValue>0</SoakValue>
    <Experience>0</Experience>
    <ForceRating>0</ForceRating>
    <Requirement>
      <WearingArmor>false</WearingArmor>
      <Career>false</Career>
      <Specialization>false</Specialization>
      <NonCareer>false</NonCareer>
      <SoakAtLeast>0</SoakAtLeast>
    </Requirement>
  </Requirements>
</Specialization>