﻿<?xml version="1.0" encoding="utf-8" ?>
<Specialization>
  <Key>SABOTEUR</Key>
  <Name>Saboteur</Name>
  <Description>
    [H4]Saboteur - Making Thing Stop[h4]
    Please see page 86 of the Age of Rebellion Core Rulebook for details.
  </Description>
  <Source>Age of Rebellion Core Rulebook</Source>
  <CareerSkills>
    <Key>COORD</Key>
    <Key>MECH</Key>
    <Key>SKUL</Key>
    <Key>STEAL</Key>
  </CareerSkills>
  <TalentRows>
    <TalentRow>
      <Index>0</Index>
      <Cost>5</Cost>
      <Talents>
        <Key>RESOLVE</Key>
        <Key>SECWIND</Key>
        <Key>GRIT</Key>
        <Key>RAPREC</Key>
      </Talents>
      <Directions>
        <Direction>
          <Down>true</Down>
        </Direction>
        <Direction>
        </Direction>
        <Direction>
        </Direction>
        <Direction>
          <Down>true</Down>
        </Direction>
      </Directions>
    </TalentRow>
    <TalentRow>
      <Index>1</Index>
      <Cost>10</Cost>
      <Talents>
        <Key>GRIT</Key>
        <Key>PWRBLST</Key>
        <Key>TOUGH</Key>
        <Key>SECWIND</Key>
      </Talents>
      <Directions>
        <Direction>
          <Right>true</Right>
          <Up>true</Up>
        </Direction>
        <Direction>
          <Down>true</Down>
          <Right>true</Right>
		      <Left>true</Left>
        </Direction>
        <Direction>
          <Down>true</Down>
          <Left>true</Left>
		      <Right>true</Right>
        </Direction>
        <Direction>
          <Up>true</Up>
          <Left>true</Left>
        </Direction>
      </Directions>
    </TalentRow>
    <TalentRow>
      <Index>2</Index>
      <Cost>15</Cost>
      <Talents>
        <Key>TIME2GO</Key>
        <Key>RAPREC</Key>
        <Key>RESOLVE</Key>
        <Key>HARDHD</Key>
      </Talents>
      <Directions>
        <Direction>
          <Down>true</Down>
          <Right>true</Right>
        </Direction>
        <Direction>
          <Down>true</Down>
          <Up>true</Up>
          <Left>true</Left>
        </Direction>
        <Direction>
          <Up>true</Up>
          <Right>true</Right>
        </Direction>
        <Direction>
          <Down>true</Down>
          <Left>true</Left>
        </Direction>
      </Directions>
    </TalentRow>
    <TalentRow>
      <Index>3</Index>
      <Cost>20</Cost>
      <Talents>
        <Key>TIME2GOIMP</Key>
        <Key>PWRBLST</Key>
        <Key>SELDETON</Key>
        <Key>TOUGH</Key>
      </Talents>
      <Directions>
        <Direction>
          <Up>true</Up>
        </Direction>
        <Direction>
          <Down>true</Down>
          <Up>true</Up>
          <Right>true</Right>
        </Direction>
        <Direction>
          <Down>true</Down>
          <Left>true</Left>
        </Direction>
        <Direction>
          <Down>true</Down>
          <Up>true</Up>
        </Direction>
      </Directions>
    </TalentRow>
    <TalentRow>
      <Index>4</Index>
      <Cost>25</Cost>
      <Talents>
        <Key>DEDI</Key>
        <Key>MASGREN</Key>
        <Key>SELDETON</Key>
        <Key>HARDHDIMP</Key>
      </Talents>
      <Directions>
        <Direction>
          <Right>true</Right>
        </Direction>
        <Direction>
          <Left>true</Left>
          <Up>true</Up>
        </Direction>
        <Direction>
          <Up>true</Up>
        </Direction>
        <Direction>
          <Up>true</Up>
        </Direction>
      </Directions>
    </TalentRow>
  </TalentRows>
</Specialization>