﻿<?xml version="1.0" encoding="utf-8" ?>
<Specialization>
  <Key>THIEF</Key>
  <Name>Thief</Name>
  <Description>
    [H4]Thief &#8212; A Galaxy of Treasures[h4]
    Please see page 85 of the Edge of the Empire Core Rulebook for details.
  </Description>
  <Source>Edge of the Empire Core Rulebook</Source>
  <CareerSkills>
    <Key>COMP</Key>
    <Key>SKUL</Key>
    <Key>STEAL</Key>
    <Key>VIGIL</Key>
  </CareerSkills>
  <TalentRows>
    <TalentRow>
      <Index>0</Index>
      <Cost>5</Cost>
      <Talents>
        <Key>STRSMART</Key>
        <Key>BLA</Key>
        <Key>INDIS</Key>
        <Key>BYP</Key>
      </Talents>
      <Directions>
        <Direction>
          <Down>true</Down>
        </Direction>
        <Direction>
        </Direction>
        <Direction>
        </Direction>
        <Direction>
          <Down>true</Down>
        </Direction>
      </Directions>
    </TalentRow>
    <TalentRow>
      <Index>1</Index>
      <Cost>10</Cost>
      <Talents>
        <Key>BLA</Key>
        <Key>DODGE</Key>
        <Key>GRIT</Key>
        <Key>HIDD</Key>
      </Talents>
      <Directions>
        <Direction>
          <Down>true</Down>
          <Up>true</Up>
          <Right>true</Right>
        </Direction>
        <Direction>
          <Right>true</Right>
          <Down>true</Down>
          <Left>true</Left>
        </Direction>
        <Direction>
          <Down>true</Down>
          <Left>true</Left>
          <Right>true</Right>
        </Direction>
        <Direction>
          <Down>true</Down>
          <Up>true</Up>
          <Left>true</Left>
        </Direction>
      </Directions>
    </TalentRow>
    <TalentRow>
      <Index>2</Index>
      <Cost>15</Cost>
      <Talents>
        <Key>STALK</Key>
        <Key>GRIT</Key>
        <Key>RAPREA</Key>
        <Key>SHORTCUT</Key>
      </Talents>
      <Directions>
        <Direction>
          <Down>true</Down>
          <Up>true</Up>
          <Right>true</Right>
        </Direction>
        <Direction>
          <Right>true</Right>
          <Down>true</Down>
          <Up>true</Up>
          <Left>true</Left>
        </Direction>
        <Direction>
          <Right>true</Right>
          <Down>true</Down>
          <Up>true</Up>
          <Left>true</Left>
        </Direction>
        <Direction>
          <Down>true</Down>
          <Up>true</Up>
          <Left>true</Left>
        </Direction>
      </Directions>
    </TalentRow>
    <TalentRow>
      <Index>3</Index>
      <Cost>20</Cost>
      <Talents>
        <Key>BYP</Key>
        <Key>NATROG</Key>
        <Key>STRSMART</Key>
        <Key>JUMP</Key>
      </Talents>
      <Directions>
        <Direction>
          <Down>true</Down>
          <Up>true</Up>
        </Direction>
        <Direction>
          <Right>true</Right>
          <Down>true</Down>
          <Up>true</Up>
        </Direction>
        <Direction>
          <Right>true</Right>
          <Down>true</Down>
          <Up>true</Up>
        </Direction>
        <Direction>
          <Left>true</Left>
          <Down>true</Down>
          <Up>true</Up>
        </Direction>
      </Directions>
    </TalentRow>
    <TalentRow>
      <Index>4</Index>
      <Cost>25</Cost>
      <Talents>
        <Key>MASSHAD</Key>
        <Key>DODGE</Key>
        <Key>INDIS</Key>
        <Key>DEDI</Key>
      </Talents>
      <Directions>
        <Direction>
          <Up>true</Up>
        </Direction>
        <Direction>
          <Up>true</Up>
          <Right>true</Right>
        </Direction>
        <Direction>
          <Up>true</Up>
          <Left>true</Left>
        </Direction>
        <Direction>
          <Up>true</Up>
        </Direction>
      </Directions>
    </TalentRow>
  </TalentRows>
</Specialization>