﻿<?xml version="1.0" encoding="utf-8" ?>
<Career>
  <Key>BOUNT</Key>
  <Name>Bounty Hunter</Name>
  <Description>
    [H4]Bounty Hunter[h4]
    Please see page 56 of the Edge of the Empire Core Rulebook for details.
  </Description>
  <Source>Edge of the Empire Core Rulebook</Source>
  <CareerSkills>
    <Key>ATHL</Key>
    <Key>BRAWL</Key>
    <Key>PERC</Key>
    <Key>PILOTPL</Key>
    <Key>PILOTSP</Key>
    <Key>RANGHVY</Key>
    <Key>SW</Key>
    <Key>VIGIL</Key>
  </CareerSkills>
  <Specializations>
    <Key>ASSAS</Key>
    <Key>GADG</Key>
    <Key>SURV</Key>
  </Specializations>
</Career>
