<?xml version="1.0"?>
<Career xmlns:xsi="http://www.w3.org/2001/XMLSchema-instance" xmlns:xsd="http://www.w3.org/2001/XMLSchema">
  <Key>MYSTIC</Key>
  <Name>Mystic</Name>
  <Description>[H4]Mystic[h4]
Please see page 78 of the Force and Destiny Core Rulebook for details.</Description>
  <Source>Force and Destiny Core Rulebook</Source>
  <CareerSkills>
    <Key>CHARM</Key>
    <Key>COERC</Key>
    <Key>LORE</Key>
    <Key>OUT</Key>
    <Key>PERC</Key>
    <Key>VIGIL</Key>
  </CareerSkills>
  <Specializations>
    <Key>ADVISOR</Key>
    <Key>MAKASHI</Key>
    <Key>SEER</Key>
  </Specializations>
  <Attributes>
    <WoundThreshold>0</WoundThreshold>
    <StrainThreshold>0</StrainThreshold>
    <DefenseRanged>0</DefenseRanged>
    <DefenseMelee>0</DefenseMelee>
    <SoakValue>0</SoakValue>
    <Experience>0</Experience>
    <ForceRating>1</ForceRating>
    <Requirement>
      <WearingArmor>false</WearingArmor>
      <Career>false</Career>
      <Specialization>false</Specialization>
      <NonCareer>false</NonCareer>
      <SoakAtLeast>0</SoakAtLeast>
    </Requirement>
  </Attributes>
  <FreeRanks>3</FreeRanks>
</Career>