<?xml version="1.0"?>
<Vehicle xmlns:xsi="http://www.w3.org/2001/XMLSchema-instance" xmlns:xsd="http://www.w3.org/2001/XMLSchema">
  <Key>A7HUNTER</Key>
  <Name>A-7 Hunter Interceptor</Name>
  <Description>
    [H3]A-7 Hunter Interceptor[h3]
    Please see page 65 of the Dangerous Covenants Sourcebook for details.
  </Description>
  <Source>Dangerous Covenants</Source>
  <Type>Starfighter</Type>
  <Categories>
    <Category>Starship</Category>
  </Categories>
  <Encumbrance>0</Encumbrance>
  <HP>1</HP>
  <Price>80000</Price>
  <Rarity>6</Rarity>
  <Restricted>false</Restricted>
  <MaxAltitude />
  <HyperdrivePrimary>0</HyperdrivePrimary>
  <HyperdriveBackup>0</HyperdriveBackup>
  <StarFighters>None</StarFighters>
  <NaviComputer>false</NaviComputer>
  <SensorRange>Close</SensorRange>
  <Crew>One pilot</Crew>
  <EncumbranceCapacity>4</EncumbranceCapacity>
  <Passengers>0</Passengers>
  <Consumables>One day</Consumables>
  <Silhouette>3</Silhouette>
  <Speed>5</Speed>
  <Handling>2</Handling>
  <DefFore>0</DefFore>
  <DefAft>0</DefAft>
  <DefPort>0</DefPort>
  <DefStarboard>0</DefStarboard>
  <Armor>2</Armor>
  <HullTrauma>6</HullTrauma>
  <SystemStrain>7</SystemStrain>
  <Starship>true</Starship>
  <Massive>0</Massive>
  <SinglePilot>false</SinglePilot>
  <VehicleWeapons>
    <VehicleWeapon>
      <FiringArcs>
        <Fore>true</Fore>
        <Aft>false</Aft>
        <Port>false</Port>
        <Starboard>false</Starboard>
        <Dorsal>false</Dorsal>
        <Ventral>false</Ventral>
      </FiringArcs>
      <Turret>false</Turret>
      <Location>Forward</Location>
      <Retractable>false</Retractable>
      <Qualities>
        <Quality>
          <Key>LINKED</Key>
          <Count>1</Count>
          <Index>0</Index>
          <MiscDesc />
          <DefZone />
        </Quality>
      </Qualities>
      <Key>LASERMED</Key>
      <Count>1</Count>
    </VehicleWeapon>
  </VehicleWeapons>
</Vehicle>