<?xml version="1.0"?>
<Vehicle xmlns:xsi="http://www.w3.org/2001/XMLSchema-instance" xmlns:xsd="http://www.w3.org/2001/XMLSchema">
  <Key>AA3DRAY</Key>
  <Name>A-A3 Dray Light Speeder Truck</Name>
  <Description>
    [H3]A-A3 Dray Light Speeder Truck[h3]
    Please see page 255 of the Force and Destiny Core Rulebook for details.
  </Description>
  <Source>Force and Destiny Core Rulebook</Source>
  <Type>Speeder Truck</Type>
  <Categories>
    <Category>Land Vehicle</Category>
  </Categories>
  <Encumbrance>0</Encumbrance>
  <HP>3</HP>
  <Price>7000</Price>
  <Rarity>2</Rarity>
  <Restricted>false</Restricted>
  <BaseMods />
  <MaxAltitude>8 meters</MaxAltitude>
  <HyperdrivePrimary>0</HyperdrivePrimary>
  <HyperdriveBackup>0</HyperdriveBackup>
  <StarFighters />
  <NaviComputer>false</NaviComputer>
  <SensorRange>Close</SensorRange>
  <Crew>One pilot</Crew>
  <EncumbranceCapacity>135</EncumbranceCapacity>
  <Passengers>10</Passengers>
  <Consumables />
  <Silhouette>3</Silhouette>
  <Speed>1</Speed>
  <Handling>0</Handling>
  <DefFore>0</DefFore>
  <DefAft>0</DefAft>
  <DefPort>0</DefPort>
  <DefStarboard>0</DefStarboard>
  <Armor>0</Armor>
  <HullTrauma>8</HullTrauma>
  <SystemStrain>8</SystemStrain>
  <Starship>false</Starship>
  <Massive>0</Massive>
  <SinglePilot>true</SinglePilot>
  <VehicleWeapons />
</Vehicle>