<?xml version="1.0"?>
<Vehicle xmlns:xsi="http://www.w3.org/2001/XMLSchema-instance" xmlns:xsd="http://www.w3.org/2001/XMLSchema">
  <Key>ATAAMISS</Key>
  <Name>All-Terrain Anti-Aircraft (Missiles)</Name>
  <Description>
    [H3]All-Terrain Anti-Aircraft (Missiles)[h3]
    Please see page 49 of the Stay on Target Sourcebook for details.</Description>
  <Source>Stay on Target</Source>
  <Sources />
  <Type>Walker</Type>
  <Categories>
    <Category>Land Vehicle</Category>
    <Category>Walker</Category>
  </Categories>
  <Encumbrance>0</Encumbrance>
  <HP>0</HP>
  <Price>135000</Price>
  <Rarity>7</Rarity>
  <Restricted>true</Restricted>
  <BaseMods />
  <MaxAltitude />
  <HyperdrivePrimary>0</HyperdrivePrimary>
  <HyperdriveBackup>0</HyperdriveBackup>
  <StarFighters />
  <NaviComputer>false</NaviComputer>
  <SensorRange>Medium</SensorRange>
  <Crew>One pilot, one gunner, one commander</Crew>
  <EncumbranceCapacity>25</EncumbranceCapacity>
  <Passengers>2</Passengers>
  <Consumables />
  <Silhouette>4</Silhouette>
  <Speed>1</Speed>
  <Handling>-2</Handling>
  <DefFore>0</DefFore>
  <DefAft>0</DefAft>
  <DefPort>0</DefPort>
  <DefStarboard>0</DefStarboard>
  <Armor>4</Armor>
  <HullTrauma>20</HullTrauma>
  <SystemStrain>18</SystemStrain>
  <Starship>false</Starship>
  <Massive>0</Massive>
  <SinglePilot>true</SinglePilot>
  <VehicleWeapons>
    <VehicleWeapon>
      <FiringArcs>
        <Fore>false</Fore>
        <Aft>false</Aft>
        <Port>false</Port>
        <Starboard>false</Starboard>
        <Dorsal>true</Dorsal>
        <Ventral>false</Ventral>
      </FiringArcs>
      <Turret>true</Turret>
      <Location>Unspecified</Location>
      <Retractable>false</Retractable>
      <Qualities>
        <Quality>
          <Key>LIMITEDAMMO</Key>
          <Count>36</Count>
          <Index>0</Index>
          <MiscDesc />
          <DefZone />
          <QualReplace>false</QualReplace>
          <SkillIsCareer>false</SkillIsCareer>
          <SkillIsRanked>false</SkillIsRanked>
          <VehicleWeaponUpgrades />
          <SelectedVehicleWeaponIndex>-1</SelectedVehicleWeaponIndex>
          <DieModifiers />
        </Quality>
      </Qualities>
      <Key>CML</Key>
      <Count>1</Count>
    </VehicleWeapon>
  </VehicleWeapons>
</Vehicle>