  <Vehicle>
    <Key>ATPT</Key>
    <Name>All-Terrain Personal Transport</Name>
    <Description>
      [H3]All-Terrain Personal Transport[h3]
      Please see page 252 of the Edge of the Empire Core Rulebook for details.
    </Description>
    <Source>Edge of the Empire Core Rulebook</Source>
    <MaxAltitude></MaxAltitude>
    <SensorRange>Close</SensorRange>
    <Crew>One Pilot</Crew>
    <EncumbranceCapacity>15</EncumbranceCapacity>
    <Passengers>1</Passengers>
    <Silhouette>2</Silhouette>
    <Speed>2</Speed>
    <Handling>0</Handling>
    <DefFore>0</DefFore>
    <DefAft>0</DefAft>
    <DefPort>0</DefPort>
    <DefStarboard>0</DefStarboard>
    <Armor>3</Armor>
    <HullTrauma>6</HullTrauma>
    <SystemStrain>5</SystemStrain>
    <HP>1</HP>
    <Price>30000</Price>
    <Rarity>7</Rarity>
    <Categories>
      <Category>Walker</Category>
    </Categories>
    <Type>Walker</Type>
    <SinglePilot>true</SinglePilot>
    <VehicleWeapons>
      <VehicleWeapon>
        <Key>BLASTCANLT</Key>
        <Location>Forward</Location>
        <FiringArcs>
          <Fore>true</Fore>
          <Aft>false</Aft>
          <Port>false</Port>
          <Starboard>false</Starboard>
          <Dorsal>false</Dorsal>
          <Ventral>false</Ventral>
        </FiringArcs>
        <Qualities>
          <Quality>
            <Key>LINKED</Key>
            <Count>1</Count>
          </Quality>
        </Qualities>
      </VehicleWeapon>
      <VehicleWeapon>
        <Key>CONGRENLAUNCH</Key>
        <Location>Forward</Location>
        <FiringArcs>
          <Fore>true</Fore>
          <Aft>false</Aft>
          <Port>false</Port>
          <Starboard>false</Starboard>
          <Dorsal>false</Dorsal>
          <Ventral>false</Ventral>
        </FiringArcs>
      </VehicleWeapon>
    </VehicleWeapons>
  </Vehicle>