<?xml version="1.0"?>
<Vehicle xmlns:xsi="http://www.w3.org/2001/XMLSchema-instance" xmlns:xsd="http://www.w3.org/2001/XMLSchema">
  <Key>57DSSPDRBIKE</Key>
  <Name>Aratech 57-D Speeder Bike</Name>
  <Description>
    [H3]Aratech 57-D Speeder Bike[h3]
    Please see page 58 of the Enter the Unknown Sourcebook for details.
  </Description>
  <Source>Enter the Unknown</Source>
  <Type>Speeder Bike</Type>
  <Categories>
    <Category>Land Vehicle</Category>
  </Categories>
  <Encumbrance>0</Encumbrance>
  <HP>3</HP>
  <Price>2800</Price>
  <Rarity>4</Rarity>
  <MaxAltitude>20 meters</MaxAltitude>
  <HyperdrivePrimary>0</HyperdrivePrimary>
  <HyperdriveBackup>0</HyperdriveBackup>
  <StarFighters />
  <NaviComputer>false</NaviComputer>
  <SensorRange>Short</SensorRange>
  <Crew>One pilot</Crew>
  <EncumbranceCapacity>10</EncumbranceCapacity>
  <Passengers>1</Passengers>
  <Consumables />
  <Silhouette>2</Silhouette>
  <Speed>3</Speed>
  <Handling>1</Handling>
  <DefFore>0</DefFore>
  <DefAft>0</DefAft>
  <DefPort>0</DefPort>
  <DefStarboard>0</DefStarboard>
  <Armor>0</Armor>
  <HullTrauma>3</HullTrauma>
  <SystemStrain>3</SystemStrain>
  <Starship>false</Starship>
  <SinglePilot>true</SinglePilot>
  <VehicleWeapons />
</Vehicle>