  <Vehicle>
    <Key>ATEST</Key>
    <Name>AT-EST Exploration and Survey Walker</Name>
    <Description>
      [H3]AT-EST Exploration and Survey Walker[h3]
      Please see page 253 of the Edge of the Empire Core Rulebook for details.
    </Description>
    <Source>Edge of the Empire Core Rulebook</Source>
    <MaxAltitude></MaxAltitude>
    <SensorRange>Long</SensorRange>
    <Crew>One Pilot, One Co-Pilot, One SensorComms Operator</Crew>
    <EncumbranceCapacity>50</EncumbranceCapacity>
    <Passengers>8</Passengers>
    <Silhouette>4</Silhouette>
    <Speed>1</Speed>
    <Handling>-2</Handling>
    <DefFore>0</DefFore>
    <DefAft>0</DefAft>
    <DefPort>0</DefPort>
    <DefStarboard>0</DefStarboard>
    <Armor>2</Armor>
    <HullTrauma>20</HullTrauma>
    <SystemStrain>12</SystemStrain>
    <HP>4</HP>
    <Price>12000</Price>
    <Rarity>5</Rarity>
    <Categories>
      <Category>Walker</Category>
    </Categories>
    <Type>Walker</Type>
    <VehicleWeapons>
      <VehicleWeapon>
        <Key>BLASTCANLT</Key>
        <Location>Forward</Location>
        <FiringArcs>
          <Fore>true</Fore>
          <Aft>false</Aft>
          <Port>false</Port>
          <Starboard>false</Starboard>
          <Dorsal>false</Dorsal>
          <Ventral>false</Ventral>
        </FiringArcs>
      </VehicleWeapon>
    </VehicleWeapons>
  </Vehicle>