<?xml version="1.0"?>
<Vehicle xmlns:xsi="http://www.w3.org/2001/XMLSchema-instance" xmlns:xsd="http://www.w3.org/2001/XMLSchema">
  <Key>ATHCT</Key>
  <Name>AT-HCT</Name>
  <Description>
    [H3]AT-HCT[h3]
    Please see page 256 of the Force and Destiny Core Rulebook for details.
  </Description>
  <Source>Force and Destiny Core Rulebook</Source>
  <Type>Tunneling Vehicle</Type>
  <Categories>
    <Category>Land Vehicle</Category>
    <Category>Walker</Category>
  </Categories>
  <Encumbrance>0</Encumbrance>
  <HP>2</HP>
  <Price>3000</Price>
  <Rarity>3</Rarity>
  <Restricted>false</Restricted>
  <BaseMods />
  <MaxAltitude />
  <HyperdrivePrimary>0</HyperdrivePrimary>
  <HyperdriveBackup>0</HyperdriveBackup>
  <StarFighters />
  <NaviComputer>false</NaviComputer>
  <SensorRange>Medium</SensorRange>
  <Crew>One pilot</Crew>
  <EncumbranceCapacity>200</EncumbranceCapacity>
  <Passengers>6</Passengers>
  <Consumables />
  <Silhouette>3</Silhouette>
  <Speed>1</Speed>
  <Handling>-1</Handling>
  <DefFore>0</DefFore>
  <DefAft>0</DefAft>
  <DefPort>0</DefPort>
  <DefStarboard>0</DefStarboard>
  <Armor>0</Armor>
  <HullTrauma>15</HullTrauma>
  <SystemStrain>15</SystemStrain>
  <Starship>false</Starship>
  <Massive>0</Massive>
  <SinglePilot>true</SinglePilot>
  <VehicleWeapons />
</Vehicle>