  <Vehicle>
    <Key>BTLA4</Key>
    <Name>BTL-A4 Y-Wing Attack Starfighter</Name>
    <Description>
      [H3]BTL-A4 Y-Wing Attack Starfighter[h3]
      Please see page 257 of the Edge of the Empire Core Rulebook, page 268 of the Age of Rebellion Core Rulebook, or page 257 of the Force and Destiny Core Rulebook, for details.
    </Description>
    <HyperdrivePrimary>1</HyperdrivePrimary>
    <HyperdriveBackup>0</HyperdriveBackup>
    <NaviComputer>false</NaviComputer>
    <SensorRange>Close</SensorRange>
    <Crew>One Pilot</Crew>
    <EncumbranceCapacity>10</EncumbranceCapacity>
    <Passengers>0</Passengers>
    <Consumables>One Week</Consumables>
    <Silhouette>3</Silhouette>
    <Speed>4</Speed>
    <Handling>0</Handling>
    <DefFore>1</DefFore>
    <DefAft>1</DefAft>
    <DefPort>0</DefPort>
    <DefStarboard>0</DefStarboard>
    <Armor>3</Armor>
    <HullTrauma>12</HullTrauma>
    <SystemStrain>10</SystemStrain>
    <HP>1</HP>
    <Price>80000</Price>
    <Rarity>4</Rarity>
    <Categories>
      <Category>Starship</Category>
    </Categories>
    <Type>Starfighter</Type>
    <Starship>true</Starship>
    <SinglePilot>true</SinglePilot>
    <VehicleWeapons>
      <VehicleWeapon>
        <Key>IONLT</Key>
        <Location>Forward</Location>
        <FiringArcs>
          <Fore>true</Fore>
          <Aft>false</Aft>
          <Port>false</Port>
          <Starboard>false</Starboard>
          <Dorsal>false</Dorsal>
          <Ventral>false</Ventral>
        </FiringArcs>
        <Turret>false</Turret>
        <Qualities>
          <Quality>
            <Key>LINKED</Key>
            <Count>1</Count>
          </Quality>
        </Qualities>
      </VehicleWeapon>
      <VehicleWeapon>
        <Key>LASERMED</Key>
        <Location>Forward</Location>
        <FiringArcs>
          <Fore>true</Fore>
          <Aft>false</Aft>
          <Port>false</Port>
          <Starboard>false</Starboard>
          <Dorsal>false</Dorsal>
          <Ventral>false</Ventral>
        </FiringArcs>
        <Qualities>
          <Quality>
            <Key>LINKED</Key>
            <Count>1</Count>
          </Quality>
        </Qualities>
      </VehicleWeapon>
      <VehicleWeapon>
        <Key>PTL</Key>
        <Location>Forward</Location>
        <FiringArcs>
          <Fore>true</Fore>
          <Aft>false</Aft>
          <Port>false</Port>
          <Starboard>false</Starboard>
          <Dorsal>false</Dorsal>
          <Ventral>false</Ventral>
        </FiringArcs>
        <Qualities>
          <Quality>
            <Key>LINKED</Key>
            <Count>1</Count>
          </Quality>
        </Qualities>
      </VehicleWeapon>
    </VehicleWeapons>
  </Vehicle>