<?xml version="1.0"?>
<Vehicle xmlns:xsi="http://www.w3.org/2001/XMLSchema-instance" xmlns:xsd="http://www.w3.org/2001/XMLSchema">
  <Key>CONESHIP</Key>
  <Name>Coneship</Name>
  <Description>
    [H3]Coneship[h3]
    Please see page 107 of the Suns of Fortune Sourcebook for details.
  </Description>
  <Source>Suns of Fortune</Source>
  <Type>Transport</Type>
  <Categories>
    <Category>Starship</Category>
  </Categories>
  <Encumbrance>0</Encumbrance>
  <HP>0</HP>
  <Price>5000</Price>
  <Rarity>8</Rarity>
  <MaxAltitude />
  <HyperdrivePrimary>0</HyperdrivePrimary>
  <HyperdriveBackup>0</HyperdriveBackup>
  <StarFighters />
  <NaviComputer>false</NaviComputer>
  <SensorRange>None</SensorRange>
  <Crew>One pilot, one co-pilot</Crew>
  <EncumbranceCapacity>0</EncumbranceCapacity>
  <Passengers>0</Passengers>
  <Consumables>One week</Consumables>
  <Silhouette>3</Silhouette>
  <Speed>1</Speed>
  <Handling>-5</Handling>
  <DefFore>0</DefFore>
  <DefAft>0</DefAft>
  <DefPort>0</DefPort>
  <DefStarboard>0</DefStarboard>
  <Armor>1</Armor>
  <HullTrauma>8</HullTrauma>
  <SystemStrain>3</SystemStrain>
  <Starship>true</Starship>
  <Massive>0</Massive>
  <VehicleWeapons />
</Vehicle>