﻿<Vehicle>
  <Key>DP20</Key>
  <Name>DP20 Gunship</Name>
  <Description>
    [H3]DP20 Gunship[h3]
    Please see page 266 of the Edge of the Empire Core Rulebook for details.
  </Description>
  <Source>Edge of the Empire Core Rulebook</Source>
  <HyperdrivePrimary>2</HyperdrivePrimary>
  <HyperdriveBackup>16</HyperdriveBackup>
  <NaviComputer>true</NaviComputer>
  <SensorRange>Long</SensorRange>
  <Crew>91 Officers and Enlisted Crew</Crew>
  <EncumbranceCapacity>300</EncumbranceCapacity>
  <Passengers>0</Passengers>
  <Consumables>Eight Months</Consumables>
  <Silhouette>5</Silhouette>
  <Speed>4</Speed>
  <Handling>-1</Handling>
  <DefFore>2</DefFore>
  <DefAft>1</DefAft>
  <DefPort>2</DefPort>
  <DefStarboard>2</DefStarboard>
  <Armor>5</Armor>
  <HullTrauma>55</HullTrauma>
  <SystemStrain>30</SystemStrain>
  <HP>1</HP>
  <Price>3200000</Price>
  <Rarity>6</Rarity>
  <Categories>
    <Category>Capital Ship</Category>
    <Category>Starship</Category>
    <Category>Non-Fighter Starship</Category>
  </Categories>
  <Type>Frigate</Type>
  <Starship>true</Starship>
  <VehicleWeapons>
    <VehicleWeapon>
      <Key>TURBOLT</Key>
      <Count>8</Count>
      <FiringArcs>
        <Fore>true</Fore>
        <Aft>true</Aft>
        <Port>true</Port>
        <Starboard>true</Starboard>
        <Dorsal>false</Dorsal>
        <Ventral>false</Ventral>
      </FiringArcs>
      <Turret>true</Turret>
      <Qualities>
        <Quality>
          <Key>LINKED</Key>
          <Count>1</Count>
        </Quality>
      </Qualities>
    </VehicleWeapon>
    <VehicleWeapon>
      <Key>LASERQUAD</Key>
      <Count>6</Count>
      <FiringArcs>
        <Fore>true</Fore>
        <Aft>true</Aft>
        <Port>true</Port>
        <Starboard>true</Starboard>
        <Dorsal>false</Dorsal>
        <Ventral>false</Ventral>
      </FiringArcs>
      <Turret>true</Turret>
      <Retractable>true</Retractable>
    </VehicleWeapon>
    <VehicleWeapon>
      <Key>CML</Key>
      <Count>2</Count>
      <Location>Port</Location>
      <FiringArcs>
        <Fore>false</Fore>
        <Aft>false</Aft>
        <Port>true</Port>
        <Starboard>false</Starboard>
        <Dorsal>false</Dorsal>
        <Ventral>false</Ventral>
      </FiringArcs>
    </VehicleWeapon>
    <VehicleWeapon>
      <Key>CML</Key>
      <Count>2</Count>
      <Location>Starboard</Location>
      <FiringArcs>
        <Fore>false</Fore>
        <Aft>false</Aft>
        <Port>false</Port>
        <Starboard>true</Starboard>
        <Dorsal>false</Dorsal>
        <Ventral>false</Ventral>
      </FiringArcs>
    </VehicleWeapon>
  </VehicleWeapons>
</Vehicle>