<?xml version="1.0"?>
<Vehicle xmlns:xsi="http://www.w3.org/2001/XMLSchema-instance" xmlns:xsd="http://www.w3.org/2001/XMLSchema">
  <Key>AIRSPEEDG35</Key>
  <Name>G35 "Silver Cloud" Airspeeder</Name>
  <Description>
    [H3]G35 "Silver Cloud" Airspeeder[h3]
    Please see page 104 of the Suns of Fortune Sourcebook for details.
  </Description>
  <Source>Suns of Fortune</Source>
  <Type>Airspeeder</Type>
  <Categories>
    <Category>Air Vehicle</Category>
  </Categories>
  <Encumbrance>0</Encumbrance>
  <HP>2</HP>
  <Price>45000</Price>
  <Rarity>4</Rarity>
  <MaxAltitude>300 kilometers</MaxAltitude>
  <HyperdrivePrimary>0</HyperdrivePrimary>
  <HyperdriveBackup>0</HyperdriveBackup>
  <StarFighters />
  <NaviComputer>false</NaviComputer>
  <SensorRange>Short</SensorRange>
  <Crew>One pilot, one co-pilot/navigator, one steward</Crew>
  <EncumbranceCapacity>25</EncumbranceCapacity>
  <Passengers>10</Passengers>
  <Consumables />
  <Silhouette>2</Silhouette>
  <Speed>4</Speed>
  <Handling>-1</Handling>
  <DefFore>1</DefFore>
  <DefAft>0</DefAft>
  <DefPort>0</DefPort>
  <DefStarboard>0</DefStarboard>
  <Armor>0</Armor>
  <HullTrauma>10</HullTrauma>
  <SystemStrain>8</SystemStrain>
  <Starship>false</Starship>
  <Massive>0</Massive>
  <VehicleWeapons />
</Vehicle>