<?xml version="1.0"?>
<Vehicle xmlns:xsi="http://www.w3.org/2001/XMLSchema-instance" xmlns:xsd="http://www.w3.org/2001/XMLSchema">
  <Key>E2ESCAPEBIKE</Key>
  <Name>Guardian E2 Escape Speeder Bike</Name>
  <Description>
    [H3]Guardian E2 Escape Speeder Bike[h3]
    Please see page 63 of the Dangerous Covenants Sourcebook for details.
  </Description>
  <Source>Dangerous Covenants</Source>
  <Type>Speeder Bike</Type>
  <Categories>
    <Category>Air Vehicle</Category>
  </Categories>
  <Encumbrance>0</Encumbrance>
  <HP>0</HP>
  <Price>0</Price>
  <Rarity>0</Rarity>
  <Restricted>false</Restricted>
  <MaxAltitude>350 meters</MaxAltitude>
  <HyperdrivePrimary>0</HyperdrivePrimary>
  <HyperdriveBackup>0</HyperdriveBackup>
  <StarFighters>None</StarFighters>
  <NaviComputer>false</NaviComputer>
  <SensorRange>Close</SensorRange>
  <Crew>One pilot</Crew>
  <EncumbranceCapacity>0</EncumbranceCapacity>
  <Passengers>1</Passengers>
  <Consumables />
  <Silhouette>2</Silhouette>
  <Speed>2</Speed>
  <Handling>0</Handling>
  <DefFore>0</DefFore>
  <DefAft>0</DefAft>
  <DefPort>0</DefPort>
  <DefStarboard>0</DefStarboard>
  <Armor>0</Armor>
  <HullTrauma>2</HullTrauma>
  <SystemStrain>3</SystemStrain>
  <Starship>false</Starship>
  <Massive>0</Massive>
  <SinglePilot>true</SinglePilot>
  <VehicleWeapons />
</Vehicle>