<?xml version="1.0"?>
<Vehicle xmlns:xsi="http://www.w3.org/2001/XMLSchema-instance" xmlns:xsd="http://www.w3.org/2001/XMLSchema">
  <Key>HA5RETREAT</Key>
  <Name>HA-5 Aerial Retreat</Name>
  <Description>[H3]HA-5 Aerial Retreat[h3]
Please see page 60 of the Desperate Allies Sourcebook for details.-</Description>
  <Source>Desperate Allies</Source>
  <Sources />
  <Type>Airspeeder</Type>
  <Categories>
    <Category>Air Vehicle</Category>
  </Categories>
  <Encumbrance>0</Encumbrance>
  <HP>3</HP>
  <Price>750000</Price>
  <Rarity>6</Rarity>
  <Restricted>false</Restricted>
  <BaseMods />
  <WeaponModifiers />
  <MaxAltitude>10 kilometers</MaxAltitude>
  <HyperdrivePrimary>0</HyperdrivePrimary>
  <HyperdriveBackup>0</HyperdriveBackup>
  <StarFighters />
  <NaviComputer>false</NaviComputer>
  <SensorRange>Short</SensorRange>
  <Crew>One helmsman, three engineers, up to 12 wait staff</Crew>
  <EncumbranceCapacity>250</EncumbranceCapacity>
  <Passengers>16</Passengers>
  <Consumables />
  <Silhouette>5</Silhouette>
  <Speed>1</Speed>
  <Handling>-5</Handling>
  <DefFore>0</DefFore>
  <DefAft>0</DefAft>
  <DefPort>0</DefPort>
  <DefStarboard>0</DefStarboard>
  <Armor>3</Armor>
  <HullTrauma>55</HullTrauma>
  <SystemStrain>28</SystemStrain>
  <Starship>false</Starship>
  <Massive>0</Massive>
  <SinglePilot>false</SinglePilot>
  <VehicleWeapons />
  <BuiltInAttachments />
</Vehicle>