<?xml version="1.0"?>
<Vehicle xmlns:xsi="http://www.w3.org/2001/XMLSchema-instance" xmlns:xsd="http://www.w3.org/2001/XMLSchema">
  <Key>HH87STARHOPPER</Key>
  <Name>HH-87 Starhopper Starfighter</Name>
  <Description>[H3]HH-87 Starhopper Starfighter[h3]
Please see page 114 of the Lords of Nal Hutta Sourcebook for details.</Description>
  <Source>Lords of Nal Hutta</Source>
  <Sources />
  <Type>Starfighter</Type>
  <Categories>
    <Category>Starship</Category>
  </Categories>
  <Encumbrance>0</Encumbrance>
  <HP>2</HP>
  <Price>50000</Price>
  <Rarity>4</Rarity>
  <Restricted>false</Restricted>
  <BaseMods />
  <WeaponModifiers />
  <MaxAltitude />
  <HyperdrivePrimary>1</HyperdrivePrimary>
  <HyperdriveBackup>0</HyperdriveBackup>
  <StarFighters />
  <NaviComputer>true</NaviComputer>
  <SensorRange>Short</SensorRange>
  <Crew>One pilot</Crew>
  <EncumbranceCapacity>6</EncumbranceCapacity>
  <Passengers>0</Passengers>
  <Consumables>Two days</Consumables>
  <Silhouette>3</Silhouette>
  <Speed>4</Speed>
  <Handling>1</Handling>
  <DefFore>1</DefFore>
  <DefAft>0</DefAft>
  <DefPort>0</DefPort>
  <DefStarboard>0</DefStarboard>
  <Armor>4</Armor>
  <HullTrauma>10</HullTrauma>
  <SystemStrain>8</SystemStrain>
  <Starship>true</Starship>
  <Massive>0</Massive>
  <SinglePilot>true</SinglePilot>
  <VehicleWeapons>
    <VehicleWeapon>
      <FiringArcs>
        <Fore>true</Fore>
        <Aft>false</Aft>
        <Port>false</Port>
        <Starboard>false</Starboard>
        <Dorsal>false</Dorsal>
        <Ventral>false</Ventral>
      </FiringArcs>
      <Turret>false</Turret>
      <Location>Forward</Location>
      <Retractable>false</Retractable>
      <Qualities>
        <Quality>
          <Key>LINKED</Key>
          <Count>1</Count>
          <Index>0</Index>
          <MiscDesc />
          <DefZone />
          <QualReplace>false</QualReplace>
          <SkillIsCareer>false</SkillIsCareer>
          <SkillIsRanked>false</SkillIsRanked>
          <VehicleWeaponUpgrades />
          <SelectedVehicleWeaponIndex>-1</SelectedVehicleWeaponIndex>
          <DieModifiers />
        </Quality>
      </Qualities>
      <Key>LASERLT</Key>
      <Count>1</Count>
    </VehicleWeapon>
  </VehicleWeapons>
</Vehicle>