<?xml version="1.0"?>
<Vehicle xmlns:xsi="http://www.w3.org/2001/XMLSchema-instance" xmlns:xsd="http://www.w3.org/2001/XMLSchema">
  <Key>1000XTC</Key>
  <Name>Hyperfoil 1000-XTC (Airspeeder)</Name>
  <Description>[H3]Hyperfoil 1000-XTC (Airspeeder)[h3]
Please see page 60 of the Desperate Allies Sourcebook for details.</Description>
  <Source>Desperate Allies</Source>
  <Sources />
  <Type>Airspeeder</Type>
  <Categories>
    <Category>Air Vehicle</Category>
  </Categories>
  <Encumbrance>0</Encumbrance>
  <HP>1</HP>
  <Price>12500</Price>
  <Rarity>4</Rarity>
  <Restricted>false</Restricted>
  <BaseMods />
  <WeaponModifiers />
  <MaxAltitude>50 kilometers</MaxAltitude>
  <HyperdrivePrimary>0</HyperdrivePrimary>
  <HyperdriveBackup>0</HyperdriveBackup>
  <StarFighters />
  <NaviComputer>false</NaviComputer>
  <SensorRange>Short</SensorRange>
  <Crew>One pilot</Crew>
  <EncumbranceCapacity>15</EncumbranceCapacity>
  <Passengers>2</Passengers>
  <Consumables />
  <Silhouette>2</Silhouette>
  <Speed>3</Speed>
  <Handling>0</Handling>
  <DefFore>0</DefFore>
  <DefAft>0</DefAft>
  <DefPort>0</DefPort>
  <DefStarboard>0</DefStarboard>
  <Armor>0</Armor>
  <HullTrauma>9</HullTrauma>
  <SystemStrain>6</SystemStrain>
  <Starship>false</Starship>
  <Massive>0</Massive>
  <SinglePilot>true</SinglePilot>
  <VehicleWeapons />
  <BuiltInAttachments />
</Vehicle>