  <Vehicle>
    <Key>ILHKKCITADEL</Key>
    <Name>ILH-KK Citadel-Class Light Freighter</Name>
    <Description>
      [H3]ILH-KK Citadel-Class Light Freighter[h3]
      Please see page 260 of the Edge of the Empire Core Rulebook for details.
    </Description>
    <Source>Edge of the Empire Core Rulebook</Source>
    <HyperdrivePrimary>2</HyperdrivePrimary>
    <HyperdriveBackup>15</HyperdriveBackup>
    <NaviComputer>true</NaviComputer>
    <SensorRange>Medium</SensorRange>
    <Crew>One Pilot, One Co-Pilot, One Engineer</Crew>
    <EncumbranceCapacity>95</EncumbranceCapacity>
    <Passengers>14</Passengers>
    <Consumables>Six Months</Consumables>
    <Silhouette>4</Silhouette>
    <Speed>3</Speed>
    <Handling>-1</Handling>
    <DefFore>2</DefFore>
    <DefAft>1</DefAft>
    <DefPort>0</DefPort>
    <DefStarboard>0</DefStarboard>
    <Armor>4</Armor>
    <HullTrauma>30</HullTrauma>
    <SystemStrain>16</SystemStrain>
    <HP>4</HP>
    <Price>200000</Price>
    <Rarity>6</Rarity>
    <Categories>
      <Category>Starship</Category>
      <Category>Non-Fighter Starship</Category>
    </Categories>
    <Type>Freighter</Type>
    <Starship>true</Starship>
    <VehicleWeapons>
      <VehicleWeapon>
        <Key>LASERMED</Key>
        <Location>Forward</Location>
        <FiringArcs>
          <Fore>true</Fore>
          <Aft>false</Aft>
          <Port>false</Port>
          <Starboard>false</Starboard>
          <Dorsal>false</Dorsal>
          <Ventral>false</Ventral>
        </FiringArcs>
        <Qualities>
          <Quality>
            <Key>LINKED</Key>
            <Count>1</Count>
          </Quality>
        </Qualities>
      </VehicleWeapon>
      <VehicleWeapon>
        <Key>IONLT</Key>
        <Location>Port</Location>
        <Turret>true</Turret>
        <FiringArcs>
          <Fore>true</Fore>
          <Aft>false</Aft>
          <Port>false</Port>
          <Starboard>false</Starboard>
          <Dorsal>false</Dorsal>
          <Ventral>false</Ventral>
        </FiringArcs>
        <Qualities>
          <Quality>
            <Key>LINKED</Key>
            <Count>1</Count>
          </Quality>
        </Qualities>
      </VehicleWeapon>
      <VehicleWeapon>
        <Key>IONLT</Key>
        <Location>Starboard</Location>
        <Turret>true</Turret>
        <FiringArcs>
          <Fore>true</Fore>
          <Aft>false</Aft>
          <Port>false</Port>
          <Starboard>false</Starboard>
          <Dorsal>false</Dorsal>
          <Ventral>false</Ventral>
        </FiringArcs>
        <Qualities>
          <Quality>
            <Key>LINKED</Key>
            <Count>1</Count>
          </Quality>
        </Qualities>
      </VehicleWeapon>
      <VehicleWeapon>
        <Key>CML</Key>
        <Location>Forward</Location>
        <FiringArcs>
          <Fore>true</Fore>
          <Aft>false</Aft>
          <Port>false</Port>
          <Starboard>false</Starboard>
          <Dorsal>false</Dorsal>
          <Ventral>false</Ventral>
        </FiringArcs>
      </VehicleWeapon>
      <VehicleWeapon>
        <Key>TRACTMED</Key>
        <Location>Forward</Location>
        <FiringArcs>
          <Fore>true</Fore>
          <Aft>false</Aft>
          <Port>false</Port>
          <Starboard>false</Starboard>
          <Dorsal>false</Dorsal>
          <Ventral>false</Ventral>
        </FiringArcs>
      </VehicleWeapon>
    </VehicleWeapons>
  </Vehicle>