<?xml version="1.0"?>
<Vehicle xmlns:xsi="http://www.w3.org/2001/XMLSchema-instance" xmlns:xsd="http://www.w3.org/2001/XMLSchema">
  <Key>IMMOB418</Key>
  <Name>Immobilizer 418 Cruiser</Name>
  <Description>
    [H3]Immobilizer 418 Cruiser[h3]
    Please see page 186 of the Age of Rebellion Beta Rulebook for details.
</Description>
  <Source>Age of Rebellion Beta Rulebook</Source>
  <Type>Heavy Cruiser</Type>
  <Categories>
    <Category>Non-Fighter Starship</Category>
    <Category>Starship</Category>
    <Category>Capital Ship</Category>
  </Categories>
  <Encumbrance>0</Encumbrance>
  <HP>0</HP>
  <Price>10400000</Price>
  <Rarity>8</Rarity>
  <Restricted>true</Restricted>
  <MaxAltitude />
  <HyperdrivePrimary>2</HyperdrivePrimary>
  <HyperdriveBackup>12</HyperdriveBackup>
  <StarFighters>24 starfighters</StarFighters>
  <NaviComputer>true</NaviComputer>
  <SensorRange>Long</SensorRange>
  <Crew>2807 officers, pilots, and enlisted</Crew>
  <EncumbranceCapacity>6500</EncumbranceCapacity>
  <Passengers>80</Passengers>
  <Consumables>Sixteen months</Consumables>
  <Silhouette>7</Silhouette>
  <Speed>3</Speed>
  <Handling>-1</Handling>
  <DefFore>3</DefFore>
  <DefAft>2</DefAft>
  <DefPort>2</DefPort>
  <DefStarboard>2</DefStarboard>
  <Armor>6</Armor>
  <HullTrauma>85</HullTrauma>
  <SystemStrain>55</SystemStrain>
  <Starship>true</Starship>
  <Massive>1</Massive>
  <VehicleWeapons>
    <VehicleWeapon>
      <FiringArcs>
        <Fore>true</Fore>
        <Aft>false</Aft>
        <Port>false</Port>
        <Starboard>false</Starboard>
        <Dorsal>false</Dorsal>
        <Ventral>false</Ventral>
      </FiringArcs>
      <Turret>true</Turret>
      <Location>Dorsal</Location>
      <Retractable>false</Retractable>
      <Qualities />
      <Key>LASERQUAD</Key>
      <Count>5</Count>
    </VehicleWeapon>
    <VehicleWeapon>
      <FiringArcs>
        <Fore>true</Fore>
        <Aft>false</Aft>
        <Port>false</Port>
        <Starboard>false</Starboard>
        <Dorsal>false</Dorsal>
        <Ventral>false</Ventral>
      </FiringArcs>
      <Turret>true</Turret>
      <Location>Ventral</Location>
      <Retractable>false</Retractable>
      <Qualities />
      <Key>LASERQUAD</Key>
      <Count>5</Count>
    </VehicleWeapon>
    <VehicleWeapon>
      <FiringArcs>
        <Fore>true</Fore>
        <Aft>false</Aft>
        <Port>true</Port>
        <Starboard>false</Starboard>
        <Dorsal>false</Dorsal>
        <Ventral>false</Ventral>
      </FiringArcs>
      <Turret>true</Turret>
      <Location>Port</Location>
      <Retractable>false</Retractable>
      <Qualities />
      <Key>LASERQUAD</Key>
      <Count>4</Count>
    </VehicleWeapon>
    <VehicleWeapon>
      <FiringArcs>
        <Fore>true</Fore>
        <Aft>false</Aft>
        <Port>false</Port>
        <Starboard>true</Starboard>
        <Dorsal>false</Dorsal>
        <Ventral>false</Ventral>
      </FiringArcs>
      <Turret>true</Turret>
      <Location>Starboard</Location>
      <Retractable>false</Retractable>
      <Qualities />
      <Key>LASERQUAD</Key>
      <Count>4</Count>
    </VehicleWeapon>
    <VehicleWeapon>
      <FiringArcs>
        <Fore>false</Fore>
        <Aft>true</Aft>
        <Port>false</Port>
        <Starboard>false</Starboard>
        <Dorsal>false</Dorsal>
        <Ventral>false</Ventral>
      </FiringArcs>
      <Turret>true</Turret>
      <Location>Aft</Location>
      <Retractable>false</Retractable>
      <Qualities />
      <Key>LASERQUAD</Key>
      <Count>3</Count>
    </VehicleWeapon>
  </VehicleWeapons>
</Vehicle>