<?xml version="1.0"?>
<Vehicle xmlns:xsi="http://www.w3.org/2001/XMLSchema-instance" xmlns:xsd="http://www.w3.org/2001/XMLSchema">
  <Key>STARDESTI</Key>
  <Name>Imperial I-Class Star Destroyer</Name>
  <Description>
    [H3]Imperial I-Class Star Destroyer[h3]
    Please see page 281 of the Age of Rebellion Core Rulebook for details.
  </Description>
  <Source>Age of Rebellion Core Rulebook</Source>
  <Type>Star Destroyer</Type>
  <Categories>
    <Category>Capital Ship</Category>
    <Category>Non-Fighter Starship</Category>
    <Category>Starship</Category>
  </Categories>
  <Encumbrance>0</Encumbrance>
  <HP>2</HP>
  <Price>150000000</Price>
  <Rarity>7</Rarity>
  <Restricted>true</Restricted>
  <MaxAltitude />
  <HyperdrivePrimary>2</HyperdrivePrimary>
  <HyperdriveBackup>8</HyperdriveBackup>
  <StarFighters>72 starfighters</StarFighters>
  <NaviComputer>true</NaviComputer>
  <SensorRange>Long</SensorRange>
  <Crew>37085 officers, pilots, and enlisted</Crew>
  <EncumbranceCapacity>10000</EncumbranceCapacity>
  <Passengers>9700</Passengers>
  <Consumables>Two years</Consumables>
  <Silhouette>8</Silhouette>
  <Speed>2</Speed>
  <Handling>-3</Handling>
  <DefFore>3</DefFore>
  <DefAft>2</DefAft>
  <DefPort>3</DefPort>
  <DefStarboard>3</DefStarboard>
  <Armor>10</Armor>
  <HullTrauma>145</HullTrauma>
  <SystemStrain>60</SystemStrain>
  <Starship>true</Starship>
  <Massive>2</Massive>
  <VehicleWeapons>
    <VehicleWeapon>
      <FiringArcs>
        <Fore>true</Fore>
        <Aft>false</Aft>
        <Port>true</Port>
        <Starboard>false</Starboard>
        <Dorsal>false</Dorsal>
        <Ventral>false</Ventral>
      </FiringArcs>
      <Turret>false</Turret>
      <Location>Port</Location>
      <Retractable>false</Retractable>
      <Qualities>
        <Quality>
          <Key>LINKED</Key>
          <Count>1</Count>
          <Index>0</Index>
          <MiscDesc />
          <DefZone />
        </Quality>
      </Qualities>
      <Key>TURBOHVY</Key>
      <Count>10</Count>
    </VehicleWeapon>
    <VehicleWeapon>
      <FiringArcs>
        <Fore>true</Fore>
        <Aft>false</Aft>
        <Port>false</Port>
        <Starboard>true</Starboard>
        <Dorsal>false</Dorsal>
        <Ventral>false</Ventral>
      </FiringArcs>
      <Turret>false</Turret>
      <Location>Starboard</Location>
      <Retractable>false</Retractable>
      <Qualities>
        <Quality>
          <Key>LINKED</Key>
          <Count>1</Count>
          <Index>0</Index>
          <MiscDesc />
          <DefZone />
        </Quality>
      </Qualities>
      <Key>TURBOHVY</Key>
      <Count>10</Count>
    </VehicleWeapon>
    <VehicleWeapon>
      <FiringArcs>
        <Fore>true</Fore>
        <Aft>false</Aft>
        <Port>true</Port>
        <Starboard>true</Starboard>
        <Dorsal>false</Dorsal>
        <Ventral>false</Ventral>
      </FiringArcs>
      <Turret>false</Turret>
      <Location>Dorsal</Location>
      <Retractable>false</Retractable>
      <Qualities>
        <Quality>
          <Key>LINKED</Key>
          <Count>1</Count>
          <Index>0</Index>
          <MiscDesc />
          <DefZone />
        </Quality>
      </Qualities>
      <Key>TURBOHVY</Key>
      <Count>10</Count>
    </VehicleWeapon>
    <VehicleWeapon>
      <FiringArcs>
        <Fore>false</Fore>
        <Aft>false</Aft>
        <Port>true</Port>
        <Starboard>false</Starboard>
        <Dorsal>false</Dorsal>
        <Ventral>false</Ventral>
      </FiringArcs>
      <Turret>false</Turret>
      <Location>Port</Location>
      <Retractable>false</Retractable>
      <Qualities />
      <Key>TURBOLT</Key>
      <Count>10</Count>
    </VehicleWeapon>
    <VehicleWeapon>
      <FiringArcs>
        <Fore>false</Fore>
        <Aft>false</Aft>
        <Port>false</Port>
        <Starboard>true</Starboard>
        <Dorsal>false</Dorsal>
        <Ventral>false</Ventral>
      </FiringArcs>
      <Turret>false</Turret>
      <Location>Starboard</Location>
      <Retractable>false</Retractable>
      <Qualities />
      <Key>TURBOLT</Key>
      <Count>10</Count>
    </VehicleWeapon>
    <VehicleWeapon>
      <FiringArcs>
        <Fore>true</Fore>
        <Aft>false</Aft>
        <Port>false</Port>
        <Starboard>false</Starboard>
        <Dorsal>false</Dorsal>
        <Ventral>false</Ventral>
      </FiringArcs>
      <Turret>false</Turret>
      <Location>Forward</Location>
      <Retractable>false</Retractable>
      <Qualities />
      <Key>TURBOLT</Key>
      <Count>10</Count>
    </VehicleWeapon>
    <VehicleWeapon>
      <FiringArcs>
        <Fore>true</Fore>
        <Aft>false</Aft>
        <Port>true</Port>
        <Starboard>false</Starboard>
        <Dorsal>false</Dorsal>
        <Ventral>false</Ventral>
      </FiringArcs>
      <Turret>false</Turret>
      <Location>Port</Location>
      <Retractable>false</Retractable>
      <Qualities />
      <Key>IONBATT</Key>
      <Count>10</Count>
    </VehicleWeapon>
    <VehicleWeapon>
      <FiringArcs>
        <Fore>true</Fore>
        <Aft>false</Aft>
        <Port>false</Port>
        <Starboard>true</Starboard>
        <Dorsal>false</Dorsal>
        <Ventral>false</Ventral>
      </FiringArcs>
      <Turret>false</Turret>
      <Location>Starboard</Location>
      <Retractable>false</Retractable>
      <Qualities />
      <Key>IONBATT</Key>
      <Count>10</Count>
    </VehicleWeapon>
    <VehicleWeapon>
      <FiringArcs>
        <Fore>true</Fore>
        <Aft>false</Aft>
        <Port>true</Port>
        <Starboard>true</Starboard>
        <Dorsal>false</Dorsal>
        <Ventral>false</Ventral>
      </FiringArcs>
      <Turret>false</Turret>
      <Location>Ventral</Location>
      <Retractable>false</Retractable>
      <Qualities />
      <Key>IONBATT</Key>
      <Count>10</Count>
    </VehicleWeapon>
    <VehicleWeapon>
      <FiringArcs>
        <Fore>false</Fore>
        <Aft>false</Aft>
        <Port>true</Port>
        <Starboard>false</Starboard>
        <Dorsal>false</Dorsal>
        <Ventral>false</Ventral>
      </FiringArcs>
      <Turret>false</Turret>
      <Location>Port</Location>
      <Retractable>false</Retractable>
      <Qualities />
      <Key>IONMED</Key>
      <Count>15</Count>
    </VehicleWeapon>
    <VehicleWeapon>
      <FiringArcs>
        <Fore>false</Fore>
        <Aft>false</Aft>
        <Port>false</Port>
        <Starboard>true</Starboard>
        <Dorsal>false</Dorsal>
        <Ventral>false</Ventral>
      </FiringArcs>
      <Turret>false</Turret>
      <Location>Starboard</Location>
      <Retractable>false</Retractable>
      <Qualities />
      <Key>IONMED</Key>
      <Count>15</Count>
    </VehicleWeapon>
    <VehicleWeapon>
      <FiringArcs>
        <Fore>true</Fore>
        <Aft>false</Aft>
        <Port>true</Port>
        <Starboard>true</Starboard>
        <Dorsal>false</Dorsal>
        <Ventral>false</Ventral>
      </FiringArcs>
      <Turret>false</Turret>
      <Location>Unspecified</Location>
      <Retractable>false</Retractable>
      <Qualities />
      <Key>TRACTHVY</Key>
      <Count>10</Count>
    </VehicleWeapon>
  </VehicleWeapons>
</Vehicle>