  <Vehicle>
    <Key>T16SKYHOPPER</Key>
    <Name>Incom T-16 Skyhopper</Name>
    <Description>
      [H3]Incom T-16 Skyhopper[h3]
      Please see page 248 of the Edge of the Empire Core Rulebook for details.
    </Description>
    <Source>Edge of the Empire Core Rulebook</Source>
    <MaxAltitude>300 kilometers</MaxAltitude>
    <SensorRange>Short</SensorRange>
    <Crew>One Pilot</Crew>
    <EncumbranceCapacity>12</EncumbranceCapacity>
    <Passengers>1</Passengers>
    <Silhouette>2</Silhouette>
    <Speed>4</Speed>
    <Handling>3</Handling>
    <DefFore>0</DefFore>
    <DefAft>0</DefAft>
    <DefPort>0</DefPort>
    <DefStarboard>0</DefStarboard>
    <Armor>1</Armor>
    <HullTrauma>4</HullTrauma>
    <SystemStrain>6</SystemStrain>
    <HP>3</HP>
    <Price>7500</Price>
    <Rarity>2</Rarity>
    <Categories>
      <Category>Air Vehicle</Category>
    </Categories>
    <Type>Airspeeder</Type>
    <SinglePilot>true</SinglePilot>
    <VehicleWeapons>
    </VehicleWeapons>
  </Vehicle>