<?xml version="1.0"?>
<Vehicle xmlns:xsi="http://www.w3.org/2001/XMLSchema-instance" xmlns:xsd="http://www.w3.org/2001/XMLSchema">
  <Key>INTERCRUISER</Key>
  <Name>Interdictor-Class Heavy Cruiser</Name>
  <Description>
    [H3]Interdictor-Class Heavy Cruiser[h3]
    Please see page 60 of the Fly Casual Sourcebook, or page 280 of the Age of Rebellion Core Rulebook, for details.
  </Description>
  <Sources>
    <Source>Age of Rebellion Core Rulebook</Source>
    <Source>Fly Casual</Source>
  </Sources>
  <Type>Heavy Cruiser</Type>
  <Categories>
    <Category>Non-Fighter Starship</Category>
    <Category>Starship</Category>
    <Category>Capital Ship</Category>
  </Categories>
  <Encumbrance>0</Encumbrance>
  <HP>0</HP>
  <Price>15400000</Price>
  <Rarity>8</Rarity>
  <Restricted>true</Restricted>
  <BaseMods />
  <MaxAltitude />
  <HyperdrivePrimary>2</HyperdrivePrimary>
  <HyperdriveBackup>12</HyperdriveBackup>
  <StarFighters>24 starfighters</StarFighters>
  <NaviComputer>true</NaviComputer>
  <SensorRange>Long</SensorRange>
  <Crew>2,807 officers, pilots, and enlisted</Crew>
  <EncumbranceCapacity>6500</EncumbranceCapacity>
  <Passengers>80</Passengers>
  <Consumables>Sixteen months</Consumables>
  <Silhouette>7</Silhouette>
  <Speed>2</Speed>
  <Handling>-2</Handling>
  <DefFore>3</DefFore>
  <DefAft>2</DefAft>
  <DefPort>3</DefPort>
  <DefStarboard>3</DefStarboard>
  <Armor>5</Armor>
  <HullTrauma>75</HullTrauma>
  <SystemStrain>65</SystemStrain>
  <Starship>true</Starship>
  <Massive>1</Massive>
  <SinglePilot>false</SinglePilot>
  <VehicleWeapons>
    <VehicleWeapon>
      <FiringArcs>
        <Fore>true</Fore>
        <Aft>false</Aft>
        <Port>false</Port>
        <Starboard>false</Starboard>
        <Dorsal>false</Dorsal>
        <Ventral>false</Ventral>
      </FiringArcs>
      <Turret>true</Turret>
      <Location>Dorsal</Location>
      <Retractable>false</Retractable>
      <Qualities />
      <Key>LASERQUAD</Key>
      <Count>5</Count>
    </VehicleWeapon>
    <VehicleWeapon>
      <FiringArcs>
        <Fore>true</Fore>
        <Aft>false</Aft>
        <Port>false</Port>
        <Starboard>false</Starboard>
        <Dorsal>false</Dorsal>
        <Ventral>false</Ventral>
      </FiringArcs>
      <Turret>true</Turret>
      <Location>Ventral</Location>
      <Retractable>false</Retractable>
      <Qualities />
      <Key>LASERQUAD</Key>
      <Count>5</Count>
    </VehicleWeapon>
    <VehicleWeapon>
      <FiringArcs>
        <Fore>true</Fore>
        <Aft>false</Aft>
        <Port>true</Port>
        <Starboard>false</Starboard>
        <Dorsal>false</Dorsal>
        <Ventral>false</Ventral>
      </FiringArcs>
      <Turret>true</Turret>
      <Location>Port</Location>
      <Retractable>false</Retractable>
      <Qualities />
      <Key>LASERQUAD</Key>
      <Count>4</Count>
    </VehicleWeapon>
    <VehicleWeapon>
      <FiringArcs>
        <Fore>true</Fore>
        <Aft>false</Aft>
        <Port>false</Port>
        <Starboard>true</Starboard>
        <Dorsal>false</Dorsal>
        <Ventral>false</Ventral>
      </FiringArcs>
      <Turret>false</Turret>
      <Location>Starboard</Location>
      <Retractable>false</Retractable>
      <Qualities />
      <Key>LASERQUAD</Key>
      <Count>4</Count>
    </VehicleWeapon>
    <VehicleWeapon>
      <FiringArcs>
        <Fore>false</Fore>
        <Aft>true</Aft>
        <Port>false</Port>
        <Starboard>false</Starboard>
        <Dorsal>false</Dorsal>
        <Ventral>false</Ventral>
      </FiringArcs>
      <Turret>true</Turret>
      <Location>Aft</Location>
      <Retractable>false</Retractable>
      <Qualities />
      <Key>LASERQUAD</Key>
      <Count>2</Count>
    </VehicleWeapon>
  </VehicleWeapons>
</Vehicle>