<?xml version="1.0"?>
<Vehicle xmlns:xsi="http://www.w3.org/2001/XMLSchema-instance" xmlns:xsd="http://www.w3.org/2001/XMLSchema">
  <Key>IPV1</Key>
  <Name>IPV-1 System Patrol Craft</Name>
  <Description>
    [H3]IPV-1 System Patrol Craft[h3]
    Please see page 93 of the Beyond the Rim Adventure Module for details.
</Description>
  <Source>Beyond the Rim</Source>
  <Type>Frigate</Type>
  <Categories>
    <Category>Non-Fighter Starship</Category>
    <Category>Starship</Category>
  </Categories>
  <Encumbrance>0</Encumbrance>
  <HP>2</HP>
  <Price>4000000</Price>
  <Rarity>5</Rarity>
  <MaxAltitude />
  <HyperdrivePrimary>0</HyperdrivePrimary>
  <HyperdriveBackup>0</HyperdriveBackup>
  <StarFighters />
  <NaviComputer>false</NaviComputer>
  <SensorRange>Long</SensorRange>
  <Crew>Twelve</Crew>
  <EncumbranceCapacity>20</EncumbranceCapacity>
  <Passengers>10</Passengers>
  <Consumables>One month</Consumables>
  <Silhouette>5</Silhouette>
  <Speed>3</Speed>
  <Handling>-1</Handling>
  <DefFore>2</DefFore>
  <DefAft>1</DefAft>
  <DefPort>2</DefPort>
  <DefStarboard>2</DefStarboard>
  <Armor>6</Armor>
  <HullTrauma>45</HullTrauma>
  <SystemStrain>20</SystemStrain>
  <Starship>true</Starship>
  <VehicleWeapons>
    <VehicleWeapon>
      <FiringArcs>
        <Fore>true</Fore>
        <Aft>true</Aft>
        <Port>true</Port>
        <Starboard>true</Starboard>
        <Dorsal>false</Dorsal>
        <Ventral>false</Ventral>
      </FiringArcs>
      <Turret>true</Turret>
      <Location>Dorsal</Location>
      <Retractable>false</Retractable>
      <Qualities>
        <Quality>
          <Key>LINKED</Key>
          <Count>1</Count>
          <Index>0</Index>
          <MiscDesc />
          <DefZone />
        </Quality>
      </Qualities>
      <Key>LASERPTDEF</Key>
      <Count>1</Count>
    </VehicleWeapon>
    <VehicleWeapon>
      <FiringArcs>
        <Fore>true</Fore>
        <Aft>true</Aft>
        <Port>true</Port>
        <Starboard>true</Starboard>
        <Dorsal>false</Dorsal>
        <Ventral>false</Ventral>
      </FiringArcs>
      <Turret>true</Turret>
      <Location>Ventral</Location>
      <Retractable>false</Retractable>
      <Qualities>
        <Quality>
          <Key>LINKED</Key>
          <Count>1</Count>
          <Index>0</Index>
          <MiscDesc />
          <DefZone />
        </Quality>
      </Qualities>
      <Key>LASERPTDEF</Key>
      <Count>1</Count>
    </VehicleWeapon>
    <VehicleWeapon>
      <FiringArcs>
        <Fore>true</Fore>
        <Aft>true</Aft>
        <Port>true</Port>
        <Starboard>true</Starboard>
        <Dorsal>false</Dorsal>
        <Ventral>false</Ventral>
      </FiringArcs>
      <Turret>true</Turret>
      <Location>Port</Location>
      <Retractable>false</Retractable>
      <Qualities>
        <Quality>
          <Key>LINKED</Key>
          <Count>1</Count>
          <Index>0</Index>
          <MiscDesc />
          <DefZone />
        </Quality>
      </Qualities>
      <Key>LASERPTDEF</Key>
      <Count>1</Count>
    </VehicleWeapon>
    <VehicleWeapon>
      <FiringArcs>
        <Fore>true</Fore>
        <Aft>true</Aft>
        <Port>true</Port>
        <Starboard>true</Starboard>
        <Dorsal>false</Dorsal>
        <Ventral>false</Ventral>
      </FiringArcs>
      <Turret>true</Turret>
      <Location>Starboard</Location>
      <Retractable>false</Retractable>
      <Qualities>
        <Quality>
          <Key>LINKED</Key>
          <Count>1</Count>
          <Index>0</Index>
          <MiscDesc />
          <DefZone />
        </Quality>
      </Qualities>
      <Key>LASERPTDEF</Key>
      <Count>1</Count>
    </VehicleWeapon>
    <VehicleWeapon>
      <FiringArcs>
        <Fore>true</Fore>
        <Aft>false</Aft>
        <Port>false</Port>
        <Starboard>false</Starboard>
        <Dorsal>false</Dorsal>
        <Ventral>false</Ventral>
      </FiringArcs>
      <Turret>false</Turret>
      <Location>Forward</Location>
      <Retractable>false</Retractable>
      <Qualities />
      <Key>CML</Key>
      <Count>1</Count>
    </VehicleWeapon>
  </VehicleWeapons>
</Vehicle>