<?xml version="1.0"?>
<Vehicle xmlns:xsi="http://www.w3.org/2001/XMLSchema-instance" xmlns:xsd="http://www.w3.org/2001/XMLSchema">
  <Key>JTYPEBARGE</Key>
  <Name>J-Type Diplomatic Barge</Name>
  <Description>[H3][I]J[i]-Type Diplomatic Barge[h3]
Please see page 62 of the Desperate Allies Sourcebook for details.</Description>
  <Source>Desperate Allies</Source>
  <Sources />
  <Type>Barge</Type>
  <Categories>
    <Category>Starship</Category>
    <Category>Non-Fighter Starship</Category>
  </Categories>
  <Encumbrance>0</Encumbrance>
  <HP>0</HP>
  <Price>1000000</Price>
  <Rarity>7</Rarity>
  <Restricted>false</Restricted>
  <BaseMods />
  <WeaponModifiers />
  <MaxAltitude />
  <HyperdrivePrimary>1</HyperdrivePrimary>
  <HyperdriveBackup>7</HyperdriveBackup>
  <StarFighters />
  <NaviComputer>true</NaviComputer>
  <SensorRange>Short</SensorRange>
  <Crew>One pilot, one co-pilot, one navigator, one-comms operator, one engineer</Crew>
  <EncumbranceCapacity>180</EncumbranceCapacity>
  <Passengers>10</Passengers>
  <Consumables>Three months</Consumables>
  <Silhouette>5</Silhouette>
  <Speed>4</Speed>
  <Handling>1</Handling>
  <DefFore>2</DefFore>
  <DefAft>2</DefAft>
  <DefPort>1</DefPort>
  <DefStarboard>1</DefStarboard>
  <Armor>3</Armor>
  <HullTrauma>36</HullTrauma>
  <SystemStrain>18</SystemStrain>
  <Starship>true</Starship>
  <Massive>0</Massive>
  <SinglePilot>false</SinglePilot>
  <VehicleWeapons />
  <BuiltInAttachments>
    <Key>LUXPASSCOMP</Key>
  </BuiltInAttachments>
</Vehicle>