<?xml version="1.0"?>
<Vehicle xmlns:xsi="http://www.w3.org/2001/XMLSchema-instance" xmlns:xsd="http://www.w3.org/2001/XMLSchema">
  <Key>JAWASALSKIFF</Key>
  <Name>Jawa Salvage Skiff</Name>
  <Description>
    [H3]Jawa Salvage Skiff[h3]
    Please see page 87 of the Beyond the Rim Adventure Module for details.
  </Description>
  <Source>Beyond the Rim</Source>
  <Type>Cargo Floater</Type>
  <Categories>
    <Category>Land Vehicle</Category>
  </Categories>
  <Encumbrance>0</Encumbrance>
  <HP>1</HP>
  <Price>4000</Price>
  <Rarity>2</Rarity>
  <MaxAltitude>15 meters</MaxAltitude>
  <HyperdrivePrimary>0</HyperdrivePrimary>
  <HyperdriveBackup>0</HyperdriveBackup>
  <StarFighters />
  <NaviComputer>false</NaviComputer>
  <SensorRange>None</SensorRange>
  <Crew>One pilot</Crew>
  <EncumbranceCapacity>60</EncumbranceCapacity>
  <Passengers>15</Passengers>
  <Consumables />
  <Silhouette>2</Silhouette>
  <Speed>1</Speed>
  <Handling>-1</Handling>
  <DefFore>0</DefFore>
  <DefAft>0</DefAft>
  <DefPort>0</DefPort>
  <DefStarboard>0</DefStarboard>
  <Armor>0</Armor>
  <HullTrauma>2</HullTrauma>
  <SystemStrain>2</SystemStrain>
  <Starship>false</Starship>
  <SinglePilot>true</SinglePilot>
  <VehicleWeapons />
</Vehicle>