  <Vehicle>
    <Key>JM5000</Key>
    <Name>JM-5000 Jumpmaster Long Range Scout</Name>
    <Description>
      [H3]JM-5000 Jumpmaster Long Range Scout[h3]
      Please see page 256 of the Edge of the Empire Core Rulebook for details.
    </Description>
    <Source>Edge of the Empire Core Rulebook</Source>
    <HyperdrivePrimary>3</HyperdrivePrimary>
    <HyperdriveBackup>15</HyperdriveBackup>
    <NaviComputer>true</NaviComputer>
    <SensorRange>Extreme</SensorRange>
    <Crew>One Pilot</Crew>
    <EncumbranceCapacity>30</EncumbranceCapacity>
    <Passengers>1</Passengers>
    <Consumables>Two month</Consumables>
    <Silhouette>4</Silhouette>
    <Speed>4</Speed>
    <Handling>1</Handling>
    <DefFore>1</DefFore>
    <DefAft>0</DefAft>
    <DefPort>0</DefPort>
    <DefStarboard>0</DefStarboard>
    <Armor>2</Armor>
    <HullTrauma>14</HullTrauma>
    <SystemStrain>8</SystemStrain>
    <HP>2</HP>
    <Price>55000</Price>
    <Rarity>5</Rarity>
    <Categories>
      <Category>Starship</Category>
      <Category>Non-Fighter Starship</Category>
    </Categories>
    <Type>Patrol Boat</Type>
    <Starship>true</Starship>
    <VehicleWeapons>
      <VehicleWeapon>
        <Key>LASERLT</Key>
        <Location>Forward</Location>
        <FiringArcs>
          <Fore>true</Fore>
          <Aft>false</Aft>
          <Port>false</Port>
          <Starboard>false</Starboard>
          <Dorsal>false</Dorsal>
          <Ventral>false</Ventral>
        </FiringArcs>
      </VehicleWeapon>
    </VehicleWeapons>
  </Vehicle>