  <Vehicle>
    <Key>T4A</Key>
    <Name>Lambda-Class T-4A Long Range Shuttle</Name>
    <Description>
      [H3]Lambda-Class T-4A Long Range Shuttle[h3]
      Please see page 257 of the Edge of the Empire Core Rulebook, page 273 of the Age of Rebellion Core Rulebook, or page 260 of the Force and Destiny Core Rulebook, for details.
    </Description>
    <HyperdrivePrimary>1</HyperdrivePrimary>
    <HyperdriveBackup>10</HyperdriveBackup>
    <NaviComputer>true</NaviComputer>
    <SensorRange>Short</SensorRange>
    <Crew>One Pilot, One Co-Pilot, One Navigator, One Gunner, One Comms Operator, One Engineer</Crew>
    <EncumbranceCapacity>200</EncumbranceCapacity>
    <Passengers>20</Passengers>
    <Consumables>Two month</Consumables>
    <Silhouette>4</Silhouette>
    <Speed>3</Speed>
    <Handling>0</Handling>
    <DefFore>2</DefFore>
    <DefAft>1</DefAft>
    <DefPort>0</DefPort>
    <DefStarboard>0</DefStarboard>
    <Armor>4</Armor>
    <HullTrauma>25</HullTrauma>
    <SystemStrain>15</SystemStrain>
    <HP>2</HP>
    <Price>140000</Price>
    <Rarity>6</Rarity>
    <Restricted>true</Restricted>
    <Categories>
      <Category>Starship</Category>
      <Category>Non-Fighter Starship</Category>
    </Categories>
    <Type>Shuttle</Type>
    <Starship>true</Starship>
    <VehicleWeapons>
      <VehicleWeapon>
        <Key>BLASTCANLT</Key>
        <Location>Forward</Location>
        <Count>2</Count>
        <FiringArcs>
          <Fore>true</Fore>
          <Aft>false</Aft>
          <Port>false</Port>
          <Starboard>false</Starboard>
          <Dorsal>false</Dorsal>
          <Ventral>false</Ventral>
        </FiringArcs>
        <Qualities>
          <Quality>
            <Key>LINKED</Key>
            <Count>1</Count>
          </Quality>
        </Qualities>
      </VehicleWeapon>
      <VehicleWeapon>
        <Key>LASERLT</Key>
        <Location>Forward</Location>
        <Count>2</Count>
        <FiringArcs>
          <Fore>true</Fore>
          <Aft>false</Aft>
          <Port>false</Port>
          <Starboard>false</Starboard>
          <Dorsal>false</Dorsal>
          <Ventral>false</Ventral>
        </FiringArcs>
        <Qualities>
          <Quality>
            <Key>LINKED</Key>
            <Count>1</Count>
          </Quality>
        </Qualities>
      </VehicleWeapon>
      <VehicleWeapon>
        <Key>BLASTCANLT</Key>
        <Location>Aft</Location>
        <Retractable>true</Retractable>
        <FiringArcs>
          <Fore>false</Fore>
          <Aft>true</Aft>
          <Port>false</Port>
          <Starboard>false</Starboard>
          <Dorsal>false</Dorsal>
          <Ventral>false</Ventral>
        </FiringArcs>
        <Qualities>
          <Quality>
            <Key>LINKED</Key>
            <Count>1</Count>
          </Quality>
        </Qualities>
      </VehicleWeapon>
    </VehicleWeapons>
  </Vehicle>