<?xml version="1.0"?>
<Vehicle xmlns:xsi="http://www.w3.org/2001/XMLSchema-instance" xmlns:xsd="http://www.w3.org/2001/XMLSchema">
  <Key>LUXURIOUS</Key>
  <Name>Luxurious-class Yacht</Name>
  <Description>[H3]Luxurious-class Yacht[h3]
Please see page 58 of the Far Horizons Sourcebook for details.</Description>
  <Source>Far Horizons</Source>

  <Type>Yacht</Type>
  <Categories>
    <Category>Non-Fighter Starship</Category>
    <Category>Starship</Category>
  </Categories>
  <Encumbrance>0</Encumbrance>
  <HP>4</HP>
  <Price>210000</Price>
  <Rarity>6</Rarity>
  <Restricted>false</Restricted>
  <BaseMods />
  <MaxAltitude />
  <HyperdrivePrimary>2</HyperdrivePrimary>
  <HyperdriveBackup>12</HyperdriveBackup>
  <StarFighters />
  <NaviComputer>true</NaviComputer>
  <SensorRange>Short</SensorRange>
  <Crew>One pilot, one co-pilot/engineer, one steward</Crew>
  <EncumbranceCapacity>80</EncumbranceCapacity>
  <Passengers>12</Passengers>
  <Consumables>Six months</Consumables>
  <Silhouette>4</Silhouette>
  <Speed>4</Speed>
  <Handling>1</Handling>
  <DefFore>1</DefFore>
  <DefAft>1</DefAft>
  <DefPort>0</DefPort>
  <DefStarboard>0</DefStarboard>
  <Armor>1</Armor>
  <HullTrauma>25</HullTrauma>
  <SystemStrain>22</SystemStrain>
  <Starship>true</Starship>
  <Massive>0</Massive>
  <SinglePilot>false</SinglePilot>
  <VehicleWeapons />
</Vehicle>