<?xml version="1.0"?>
<Vehicle xmlns:xsi="http://www.w3.org/2001/XMLSchema-instance" xmlns:xsd="http://www.w3.org/2001/XMLSchema">
  <Key>LUXURYSAILBARGE</Key>
  <Name>Luxury-Class Sail Barge</Name>
  <Description>[H3]Ubrikkian Industries Luxury-Class Sail Barge[h3]
Please see page 112 of the Lords of Nal Hutta Sourcebook for details.</Description>
  <Source>Lords of Nal Hutta</Source>
  <Sources />
  <Type>Sail Barge</Type>
  <Categories>
    <Category>Land Vehicle</Category>
  </Categories>
  <Encumbrance>0</Encumbrance>
  <HP>2</HP>
  <Price>300000</Price>
  <Rarity>6</Rarity>
  <Restricted>false</Restricted>
  <BaseMods />
  <WeaponModifiers />
  <MaxAltitude>10 meters</MaxAltitude>
  <HyperdrivePrimary>0</HyperdrivePrimary>
  <HyperdriveBackup>0</HyperdriveBackup>
  <StarFighters />
  <NaviComputer>false</NaviComputer>
  <SensorRange>Short</SensorRange>
  <Crew>26</Crew>
  <EncumbranceCapacity>1000</EncumbranceCapacity>
  <Passengers>300</Passengers>
  <Consumables />
  <Silhouette>4</Silhouette>
  <Speed>2</Speed>
  <Handling>-2</Handling>
  <DefFore>0</DefFore>
  <DefAft>0</DefAft>
  <DefPort>0</DefPort>
  <DefStarboard>0</DefStarboard>
  <Armor>3</Armor>
  <HullTrauma>35</HullTrauma>
  <SystemStrain>25</SystemStrain>
  <Starship>false</Starship>
  <Massive>0</Massive>
  <SinglePilot>false</SinglePilot>
  <VehicleWeapons>
    <VehicleWeapon>
      <FiringArcs>
        <Fore>true</Fore>
        <Aft>true</Aft>
        <Port>true</Port>
        <Starboard>true</Starboard>
        <Dorsal>false</Dorsal>
        <Ventral>false</Ventral>
      </FiringArcs>
      <Turret>false</Turret>
      <Location>Deck</Location>
      <Retractable>false</Retractable>
      <Qualities>
        <Quality>
          <Key>LINKED</Key>
          <Count>1</Count>
          <Index>0</Index>
          <MiscDesc />
          <DefZone />
          <QualReplace>false</QualReplace>
          <SkillIsCareer>false</SkillIsCareer>
          <SkillIsRanked>false</SkillIsRanked>
          <VehicleWeaponUpgrades />
          <SelectedVehicleWeaponIndex>-1</SelectedVehicleWeaponIndex>
          <DieModifiers />
        </Quality>
      </Qualities>
      <Key>BLASTCANHVY</Key>
      <Count>1</Count>
    </VehicleWeapon>
  </VehicleWeapons>
</Vehicle>