<?xml version="1.0"?>
<Vehicle xmlns:xsi="http://www.w3.org/2001/XMLSchema-instance" xmlns:xsd="http://www.w3.org/2001/XMLSchema">
  <Key>M3ASCYK</Key>
  <Name>M3-A Scyk Interceptor</Name>
  <Description>[H3]MandalMotors M3-A Scyk Interceptor[h3]
Please see page 113 of the Lords of Nal Hutta Sourcebook for details.
[P]
[I]Note: The M3-A has been given an extra hard point in order to add any one of the listed modular weapon systems.[i]</Description>
  <Source>Lords of Nal Hutta</Source>
  <Sources />
  <Type>Starfighter</Type>
  <Categories>
    <Category>Starship</Category>
  </Categories>
  <Encumbrance>0</Encumbrance>
  <HP>2</HP>
  <Price>55000</Price>
  <Rarity>4</Rarity>
  <Restricted>false</Restricted>
  <BaseMods />
  <WeaponModifiers />
  <MaxAltitude />
  <HyperdrivePrimary>2</HyperdrivePrimary>
  <HyperdriveBackup>0</HyperdriveBackup>
  <StarFighters />
  <NaviComputer>true</NaviComputer>
  <SensorRange>Short</SensorRange>
  <Crew>One Pilot</Crew>
  <EncumbranceCapacity>4</EncumbranceCapacity>
  <Passengers>0</Passengers>
  <Consumables>Two Days</Consumables>
  <Silhouette>3</Silhouette>
  <Speed>5</Speed>
  <Handling>2</Handling>
  <DefFore>1</DefFore>
  <DefAft>0</DefAft>
  <DefPort>0</DefPort>
  <DefStarboard>0</DefStarboard>
  <Armor>2</Armor>
  <HullTrauma>6</HullTrauma>
  <SystemStrain>8</SystemStrain>
  <Starship>true</Starship>
  <Massive>0</Massive>
  <SinglePilot>true</SinglePilot>
  <VehicleWeapons />
</Vehicle>