﻿<Vehicle>
  <Key>MARAUDER</Key>
  <Name>Marauder-Class Assault Corvette</Name>
  <Description>
    [H3]Marauder-Class Assault Corvette[h3]
    Please see page 267 of the Edge of the Empire Core Rulebook for details.
  </Description>
  <Source>Edge of the Empire Core Rulebook</Source>
  <HyperdrivePrimary>2</HyperdrivePrimary>
  <HyperdriveBackup>0</HyperdriveBackup>
  <NaviComputer>true</NaviComputer>
  <SensorRange>Medium</SensorRange>
  <Crew>177 Officers, Pilots, and Enlisted Crew</Crew>
  <Starfighters>Twelve Fighters, Two Shuttles</Starfighters>
  <EncumbranceCapacity>175</EncumbranceCapacity>
  <Passengers>80</Passengers>
  <Consumables>Three Months</Consumables>
  <Silhouette>5</Silhouette>
  <Speed>3</Speed>
  <Handling>0</Handling>
  <DefFore>2</DefFore>
  <DefAft>1</DefAft>
  <DefPort>1</DefPort>
  <DefStarboard>1</DefStarboard>
  <Armor>5</Armor>
  <HullTrauma>65</HullTrauma>
  <SystemStrain>35</SystemStrain>
  <HP>1</HP>
  <Price>3000000</Price>
  <Rarity>5</Rarity>
  <Restricted>true</Restricted>
  <Categories>
    <Category>Capital Ship</Category>
    <Category>Starship</Category>
    <Category>Non-Fighter Starship</Category>
  </Categories>
  <Type>Corvette</Type>
  <Starship>true</Starship>
  <VehicleWeapons>
    <VehicleWeapon>
      <Key>TURBOLT</Key>
      <Count>4</Count>
      <Location>Forward</Location>
      <FiringArcs>
        <Fore>true</Fore>
        <Aft>false</Aft>
        <Port>false</Port>
        <Starboard>false</Starboard>
        <Dorsal>false</Dorsal>
        <Ventral>false</Ventral>
      </FiringArcs>
      <Qualities>
        <Quality>
          <Key>LINKED</Key>
          <Count>1</Count>
        </Quality>
      </Qualities>
    </VehicleWeapon>
    <VehicleWeapon>
      <Key>TURBOLT</Key>
      <Count>4</Count>
      <Turret>true</Turret>
      <FiringArcs>
        <Fore>true</Fore>
        <Aft>true</Aft>
        <Port>true</Port>
        <Starboard>true</Starboard>
        <Dorsal>false</Dorsal>
        <Ventral>false</Ventral>
      </FiringArcs>
      <Qualities>
        <Quality>
          <Key>LINKED</Key>
          <Count>1</Count>
        </Quality>
      </Qualities>
    </VehicleWeapon>
    <VehicleWeapon>
      <Key>TRACTLT</Key>
      <Count>3</Count>
      <Location>Forward</Location>
      <FiringArcs>
        <Fore>true</Fore>
        <Aft>false</Aft>
        <Port>false</Port>
        <Starboard>false</Starboard>
        <Dorsal>false</Dorsal>
        <Ventral>false</Ventral>
      </FiringArcs>
    </VehicleWeapon>
  </VehicleWeapons>
</Vehicle>