<?xml version="1.0"?>
<Vehicle xmlns:xsi="http://www.w3.org/2001/XMLSchema-instance" xmlns:xsd="http://www.w3.org/2001/XMLSchema">
  <Key>MC18FREIGHT</Key>
  <Name>MC-18 Light Freighter</Name>
  <Description>[H3]MC-18 Light Freighter[h3]
Please see page 62 of the Desperate Allies Sourcebook for details.</Description>
  <Source>Desperate Allies</Source>
  <Sources />
  <Type>Light Freighter</Type>
  <Categories>
    <Category>Starship</Category>
    <Category>Non-Fighter Starship</Category>
  </Categories>
  <Encumbrance>0</Encumbrance>
  <HP>3</HP>
  <Price>140000</Price>
  <Rarity>6</Rarity>
  <Restricted>false</Restricted>
  <BaseMods />
  <WeaponModifiers />
  <MaxAltitude />
  <HyperdrivePrimary>1</HyperdrivePrimary>
  <HyperdriveBackup>10</HyperdriveBackup>
  <StarFighters />
  <NaviComputer>true</NaviComputer>
  <SensorRange>Short</SensorRange>
  <Crew>One pilot, one co-pilot/engineer</Crew>
  <EncumbranceCapacity>150</EncumbranceCapacity>
  <Passengers>5</Passengers>
  <Consumables>Two months</Consumables>
  <Silhouette>4</Silhouette>
  <Speed>3</Speed>
  <Handling>0</Handling>
  <DefFore>2</DefFore>
  <DefAft>1</DefAft>
  <DefPort>0</DefPort>
  <DefStarboard>0</DefStarboard>
  <Armor>3</Armor>
  <HullTrauma>22</HullTrauma>
  <SystemStrain>16</SystemStrain>
  <Starship>true</Starship>
  <Massive>0</Massive>
  <SinglePilot>false</SinglePilot>
  <VehicleWeapons>
    <VehicleWeapon>
      <FiringArcs>
        <Fore>true</Fore>
        <Aft>true</Aft>
        <Port>true</Port>
        <Starboard>true</Starboard>
        <Dorsal>false</Dorsal>
        <Ventral>false</Ventral>
      </FiringArcs>
      <Turret>true</Turret>
      <Location>Dorsal</Location>
      <Retractable>false</Retractable>
      <Qualities />
      <Key>LASERMED</Key>
      <Count>1</Count>
    </VehicleWeapon>
  </VehicleWeapons>
  <BuiltInAttachments />
</Vehicle>