  <Vehicle>
    <Key>FLARESSWOOP</Key>
    <Name>Mobquet Flare-S Swoop</Name>
    <Description>
      [H3]Mobquet Flare-S Swoop[h3]
      Please see page 250 of the Edge of the Empire Core Rulebook for details.
    </Description>
    <Source>Edge of the Empire Core Rulebook</Source>
    <MaxAltitude>350 meters</MaxAltitude>
    <SensorRange>None</SensorRange>
    <Crew>One Pilot</Crew>
    <EncumbranceCapacity>4</EncumbranceCapacity>
    <Passengers>1</Passengers>
    <Silhouette>2</Silhouette>
    <Speed>3</Speed>
    <Handling>2</Handling>
    <DefFore>0</DefFore>
    <DefAft>0</DefAft>
    <DefPort>0</DefPort>
    <DefStarboard>0</DefStarboard>
    <Armor>0</Armor>
    <HullTrauma>2</HullTrauma>
    <SystemStrain>3</SystemStrain>
    <HP>2</HP>
    <Price>6000</Price>
    <Rarity>3</Rarity>
    <Categories>
      <Category>Land Vehicle</Category>
    </Categories>
    <Type>Swoop</Type>
    <SinglePilot>true</SinglePilot>
    <VehicleWeapons>
    </VehicleWeapons>
  </Vehicle>