<?xml version="1.0"?>
<Vehicle xmlns:xsi="http://www.w3.org/2001/XMLSchema-instance" xmlns:xsd="http://www.w3.org/2001/XMLSchema">
  <Key>NE4CLOUDCAR</Key>
  <Name>Ne-4 Cloud Car Interceptor</Name>
  <Description>
    [H3]Ne-4 Cloud Car Interceptor[h3]
    Please see page 64 of the Dangerous Covenants Sourcebook for details.
  </Description>
  <Source>Dangerous Covenants</Source>
  <Type>Cloud Car</Type>
  <Categories>
    <Category>Air Vehicle</Category>
  </Categories>
  <Encumbrance>0</Encumbrance>
  <HP>2</HP>
  <Price>28000</Price>
  <Rarity>4</Rarity>
  <Restricted>false</Restricted>
  <MaxAltitude>120 km</MaxAltitude>
  <HyperdrivePrimary>0</HyperdrivePrimary>
  <HyperdriveBackup>0</HyperdriveBackup>
  <StarFighters />
  <NaviComputer>false</NaviComputer>
  <SensorRange>Short</SensorRange>
  <Crew>One pilot</Crew>
  <EncumbranceCapacity>3</EncumbranceCapacity>
  <Passengers>0</Passengers>
  <Consumables />
  <Silhouette>2</Silhouette>
  <Speed>5</Speed>
  <Handling>1</Handling>
  <DefFore>0</DefFore>
  <DefAft>0</DefAft>
  <DefPort>0</DefPort>
  <DefStarboard>0</DefStarboard>
  <Armor>0</Armor>
  <HullTrauma>6</HullTrauma>
  <SystemStrain>5</SystemStrain>
  <Starship>false</Starship>
  <Massive>0</Massive>
  <SinglePilot>true</SinglePilot>
  <VehicleWeapons>
    <VehicleWeapon>
      <FiringArcs>
        <Fore>true</Fore>
        <Aft>false</Aft>
        <Port>false</Port>
        <Starboard>false</Starboard>
        <Dorsal>false</Dorsal>
        <Ventral>false</Ventral>
      </FiringArcs>
      <Turret>false</Turret>
      <Location>Forward</Location>
      <Retractable>false</Retractable>
      <Qualities />
      <Key>BLASTCANLT</Key>
      <Count>1</Count>
    </VehicleWeapon>
  </VehicleWeapons>
</Vehicle>