<?xml version="1.0"?>
<Vehicle xmlns:xsi="http://www.w3.org/2001/XMLSchema-instance" xmlns:xsd="http://www.w3.org/2001/XMLSchema">
  <Key>NEUTRON</Key>
  <Name>Neutron Star-Class Bulk Cruiser</Name>
  <Description>
    [H3]Neutron Star-Class Bulk Cruiser[h3]
    Please see page 69 of the Dangerous Covenants Sourcebook for details.
  </Description>
  <Source>Dangerous Covenants</Source>
  <Type>Bulk Cruiser</Type>
  <Categories>
    <Category>Capital Ship</Category>
    <Category>Starship</Category>
  </Categories>
  <Encumbrance>0</Encumbrance>
  <HP>6</HP>
  <Price>2800000</Price>
  <Rarity>4</Rarity>
  <Restricted>false</Restricted>
  <MaxAltitude />
  <HyperdrivePrimary>3</HyperdrivePrimary>
  <HyperdriveBackup>20</HyperdriveBackup>
  <StarFighters>None</StarFighters>
  <NaviComputer>true</NaviComputer>
  <SensorRange>Long</SensorRange>
  <Crew>2200 crew</Crew>
  <EncumbranceCapacity>5000</EncumbranceCapacity>
  <Passengers>250</Passengers>
  <Consumables>One year</Consumables>
  <Silhouette>7</Silhouette>
  <Speed>1</Speed>
  <Handling>-3</Handling>
  <DefFore>2</DefFore>
  <DefAft>1</DefAft>
  <DefPort>2</DefPort>
  <DefStarboard>2</DefStarboard>
  <Armor>6</Armor>
  <HullTrauma>80</HullTrauma>
  <SystemStrain>50</SystemStrain>
  <Starship>true</Starship>
  <Massive>1</Massive>
  <SinglePilot>false</SinglePilot>
  <VehicleWeapons>
    <VehicleWeapon>
      <FiringArcs>
        <Fore>false</Fore>
        <Aft>false</Aft>
        <Port>true</Port>
        <Starboard>false</Starboard>
        <Dorsal>false</Dorsal>
        <Ventral>false</Ventral>
      </FiringArcs>
      <Turret>false</Turret>
      <Location>Port</Location>
      <Retractable>false</Retractable>
      <Qualities>
        <Quality>
          <Key>BREACH</Key>
          <Count>3</Count>
          <Index>0</Index>
          <MiscDesc />
          <DefZone />
        </Quality>
      </Qualities>
      <Key>TURBOHVY</Key>
      <Count>10</Count>
    </VehicleWeapon>
    <VehicleWeapon>
      <FiringArcs>
        <Fore>false</Fore>
        <Aft>false</Aft>
        <Port>false</Port>
        <Starboard>true</Starboard>
        <Dorsal>false</Dorsal>
        <Ventral>false</Ventral>
      </FiringArcs>
      <Turret>false</Turret>
      <Location>Starboard</Location>
      <Retractable>false</Retractable>
      <Qualities>
        <Quality>
          <Key>BREACH</Key>
          <Count>3</Count>
          <Index>0</Index>
          <MiscDesc />
          <DefZone />
        </Quality>
      </Qualities>
      <Key>TURBOHVY</Key>
      <Count>10</Count>
    </VehicleWeapon>
    <VehicleWeapon>
      <FiringArcs>
        <Fore>true</Fore>
        <Aft>false</Aft>
        <Port>false</Port>
        <Starboard>false</Starboard>
        <Dorsal>false</Dorsal>
        <Ventral>false</Ventral>
      </FiringArcs>
      <Turret>false</Turret>
      <Location>Forward</Location>
      <Retractable>false</Retractable>
      <Qualities>
        <Quality>
          <Key>BREACH</Key>
          <Count>3</Count>
          <Index>0</Index>
          <MiscDesc />
          <DefZone />
        </Quality>
      </Qualities>
      <Key>TURBOHVY</Key>
      <Count>4</Count>
    </VehicleWeapon>
    <VehicleWeapon>
      <FiringArcs>
        <Fore>false</Fore>
        <Aft>false</Aft>
        <Port>true</Port>
        <Starboard>false</Starboard>
        <Dorsal>false</Dorsal>
        <Ventral>false</Ventral>
      </FiringArcs>
      <Turret>false</Turret>
      <Location>Port</Location>
      <Retractable>false</Retractable>
      <Qualities />
      <Key>LASERHVY</Key>
      <Count>10</Count>
    </VehicleWeapon>
    <VehicleWeapon>
      <FiringArcs>
        <Fore>false</Fore>
        <Aft>false</Aft>
        <Port>false</Port>
        <Starboard>true</Starboard>
        <Dorsal>false</Dorsal>
        <Ventral>false</Ventral>
      </FiringArcs>
      <Turret>false</Turret>
      <Location>Starboard</Location>
      <Retractable>false</Retractable>
      <Qualities />
      <Key>LASERHVY</Key>
      <Count>10</Count>
    </VehicleWeapon>
    <VehicleWeapon>
      <FiringArcs>
        <Fore>false</Fore>
        <Aft>false</Aft>
        <Port>false</Port>
        <Starboard>false</Starboard>
        <Dorsal>true</Dorsal>
        <Ventral>false</Ventral>
      </FiringArcs>
      <Turret>true</Turret>
      <Location>Dorsal</Location>
      <Retractable>false</Retractable>
      <Qualities />
      <Key>LASERHVY</Key>
      <Count>5</Count>
    </VehicleWeapon>
    <VehicleWeapon>
      <FiringArcs>
        <Fore>true</Fore>
        <Aft>false</Aft>
        <Port>false</Port>
        <Starboard>false</Starboard>
        <Dorsal>false</Dorsal>
        <Ventral>false</Ventral>
      </FiringArcs>
      <Turret>false</Turret>
      <Location>Forward</Location>
      <Retractable>false</Retractable>
      <Qualities />
      <Key>TRACTHVY</Key>
      <Count>2</Count>
    </VehicleWeapon>
  </VehicleWeapons>
</Vehicle>