<?xml version="1.0"?>
<Vehicle xmlns:xsi="http://www.w3.org/2001/XMLSchema-instance" xmlns:xsd="http://www.w3.org/2001/XMLSchema">
  <Key>POLICEINTRCPT</Key>
  <Name>Panther Police Interceptor</Name>
  <Description>[H3]Panther Police Interceptor[h3]
Please see page 52 of the Far Horizons Sourcebook for details.</Description>
  <Source>Far Horizons</Source>

  <Type>Landspeeder</Type>
  <Categories>
    <Category>Land Vehicle</Category>
  </Categories>
  <Encumbrance>0</Encumbrance>
  <HP>3</HP>
  <Price>11000</Price>
  <Rarity>4</Rarity>
  <Restricted>true</Restricted>
  <BaseMods />
  <MaxAltitude>10 meters</MaxAltitude>
  <HyperdrivePrimary>0</HyperdrivePrimary>
  <HyperdriveBackup>0</HyperdriveBackup>
  <StarFighters />
  <NaviComputer>false</NaviComputer>
  <SensorRange>Short</SensorRange>
  <Crew>One pilot</Crew>
  <EncumbranceCapacity>0</EncumbranceCapacity>
  <Passengers>3</Passengers>
  <Consumables />
  <Silhouette>2</Silhouette>
  <Speed>4</Speed>
  <Handling>0</Handling>
  <DefFore>0</DefFore>
  <DefAft>0</DefAft>
  <DefPort>0</DefPort>
  <DefStarboard>0</DefStarboard>
  <Armor>0</Armor>
  <HullTrauma>8</HullTrauma>
  <SystemStrain>8</SystemStrain>
  <Starship>false</Starship>
  <Massive>0</Massive>
  <SinglePilot>true</SinglePilot>
  <VehicleWeapons />
</Vehicle>