<?xml version="1.0"?>
<Vehicle xmlns:xsi="http://www.w3.org/2001/XMLSchema-instance" xmlns:xsd="http://www.w3.org/2001/XMLSchema">
  <Key>LANDSPEEDPAS</Key>
  <Name>Passenger Landspeeder</Name>
  <Description>
    [H3]Passenger Landspeeder[h3]
    Please see page 254 of the Force and Destiny Core Rulebook for details.
  </Description>
  <Source>Force and Destiny Core Rulebook</Source>
  <Type>Landspeeder</Type>
  <Categories>
    <Category>Land Vehicle</Category>
  </Categories>
  <Encumbrance>0</Encumbrance>
  <HP>4</HP>
  <Price>3500</Price>
  <Rarity>3</Rarity>
  <Restricted>false</Restricted>
  <BaseMods />
  <MaxAltitude>10 meters</MaxAltitude>
  <HyperdrivePrimary>0</HyperdrivePrimary>
  <HyperdriveBackup>0</HyperdriveBackup>
  <StarFighters />
  <NaviComputer>false</NaviComputer>
  <SensorRange>Close</SensorRange>
  <Crew>One Pilot</Crew>
  <EncumbranceCapacity>10</EncumbranceCapacity>
  <Passengers>4</Passengers>
  <Consumables />
  <Silhouette>2</Silhouette>
  <Speed>2</Speed>
  <Handling>0</Handling>
  <DefFore>0</DefFore>
  <DefAft>0</DefAft>
  <DefPort>0</DefPort>
  <DefStarboard>0</DefStarboard>
  <Armor>0</Armor>
  <HullTrauma>4</HullTrauma>
  <SystemStrain>5</SystemStrain>
  <Starship>false</Starship>
  <Massive>0</Massive>
  <SinglePilot>true</SinglePilot>
  <VehicleWeapons />
</Vehicle>