  <Vehicle>
    <Key>PERSCARR</Key>
    <Name>Personnel Carrier</Name>
    <Description>
      [H3]Personnel Carrier[h3]
      Please see page 252 of the Edge of the Empire Core Rulebook for details.
    </Description>
    <Source>Edge of the Empire Core Rulebook</Source>
    <MaxAltitude></MaxAltitude>
    <SensorRange>None</SensorRange>
    <Crew>One Pilot, One Co-Pilot</Crew>
    <EncumbranceCapacity>100</EncumbranceCapacity>
    <Passengers>15</Passengers>
    <Silhouette>3</Silhouette>
    <Speed>2</Speed>
    <Handling>-2</Handling>
    <DefFore>0</DefFore>
    <DefAft>0</DefAft>
    <DefPort>0</DefPort>
    <DefStarboard>0</DefStarboard>
    <Armor>4</Armor>
    <HullTrauma>8</HullTrauma>
    <SystemStrain>4</SystemStrain>
    <HP>3</HP>
    <Price>3000</Price>
    <Rarity>2</Rarity>
    <Categories>
      <Category>Wheeled Vehicle</Category>
    </Categories>
    <Type>Groundcar</Type>
    <VehicleWeapons>
    </VehicleWeapons>
  </Vehicle>