<?xml version="1.0"?>
<Vehicle xmlns:xsi="http://www.w3.org/2001/XMLSchema-instance" xmlns:xsd="http://www.w3.org/2001/XMLSchema">
  <Key>PONGEETASWAMP</Key>
  <Name>Pongeeta-Class Swamp Speeder</Name>
  <Description>[H3]Ubrikkian Industries Pongeeta-Class Swamp Speeder[h3]
Please see page 113 of the Lords of Nal Hutta Sourcebook for details.</Description>
  <Source>Lords of Nal Hutta</Source>
  <Sources />
  <Type>Swamp Speeder</Type>
  <Categories>
    <Category>Land Vehicle</Category>
  </Categories>
  <Encumbrance>0</Encumbrance>
  <HP>2</HP>
  <Price>6000</Price>
  <Rarity>3</Rarity>
  <Restricted>false</Restricted>
  <BaseMods />
  <WeaponModifiers />
  <MaxAltitude>2 meters</MaxAltitude>
  <HyperdrivePrimary>0</HyperdrivePrimary>
  <HyperdriveBackup>0</HyperdriveBackup>
  <StarFighters />
  <NaviComputer>false</NaviComputer>
  <SensorRange>Close</SensorRange>
  <Crew>One pilot</Crew>
  <EncumbranceCapacity>15</EncumbranceCapacity>
  <Passengers>2</Passengers>
  <Consumables />
  <Silhouette>2</Silhouette>
  <Speed>2</Speed>
  <Handling>1</Handling>
  <DefFore>0</DefFore>
  <DefAft>0</DefAft>
  <DefPort>0</DefPort>
  <DefStarboard>0</DefStarboard>
  <Armor>1</Armor>
  <HullTrauma>4</HullTrauma>
  <SystemStrain>5</SystemStrain>
  <Starship>false</Starship>
  <Massive>0</Massive>
  <SinglePilot>true</SinglePilot>
  <VehicleWeapons />
</Vehicle>