<?xml version="1.0"?>
<Vehicle xmlns:xsi="http://www.w3.org/2001/XMLSchema-instance" xmlns:xsd="http://www.w3.org/2001/XMLSchema">
  <Key>SELTISS2</Key>
  <Name>Seltiss-2 Caravel</Name>
  <Description>[H3]Ubrikkian Industries Seltiss-2 Caravel[h3]
Please see page 115 of the Lords of Nal Hutta Sourcebook for details.</Description>
  <Source>Lords of Nal Hutta</Source>
  <Sources />
  <Type>Transport</Type>
  <Categories>
    <Category>Starship</Category>
    <Category>Non-Fighter Starship</Category>
  </Categories>
  <Encumbrance>0</Encumbrance>
  <HP>4</HP>
  <Price>550000</Price>
  <Rarity>6</Rarity>
  <Restricted>false</Restricted>
  <BaseMods />
  <WeaponModifiers />
  <MaxAltitude />
  <HyperdrivePrimary>0</HyperdrivePrimary>
  <HyperdriveBackup>0</HyperdriveBackup>
  <StarFighters />
  <NaviComputer>false</NaviComputer>
  <SensorRange>Short</SensorRange>
  <Crew>One pilot, one co-pilot, two gunners, four servants</Crew>
  <EncumbranceCapacity>200</EncumbranceCapacity>
  <Passengers>12</Passengers>
  <Consumables>One month</Consumables>
  <Silhouette>5</Silhouette>
  <Speed>3</Speed>
  <Handling>-1</Handling>
  <DefFore>2</DefFore>
  <DefAft>2</DefAft>
  <DefPort>1</DefPort>
  <DefStarboard>1</DefStarboard>
  <Armor>4</Armor>
  <HullTrauma>30</HullTrauma>
  <SystemStrain>18</SystemStrain>
  <Starship>true</Starship>
  <Massive>0</Massive>
  <SinglePilot>false</SinglePilot>
  <VehicleWeapons>
    <VehicleWeapon>
      <FiringArcs>
        <Fore>true</Fore>
        <Aft>true</Aft>
        <Port>true</Port>
        <Starboard>false</Starboard>
        <Dorsal>false</Dorsal>
        <Ventral>false</Ventral>
      </FiringArcs>
      <Turret>true</Turret>
      <Location>Port</Location>
      <Retractable>true</Retractable>
      <Qualities />
      <Key>LASERMED</Key>
      <Count>1</Count>
    </VehicleWeapon>
    <VehicleWeapon>
      <FiringArcs>
        <Fore>true</Fore>
        <Aft>true</Aft>
        <Port>false</Port>
        <Starboard>true</Starboard>
        <Dorsal>false</Dorsal>
        <Ventral>false</Ventral>
      </FiringArcs>
      <Turret>true</Turret>
      <Location>Starboard</Location>
      <Retractable>true</Retractable>
      <Qualities />
      <Key>LASERMED</Key>
      <Count>1</Count>
    </VehicleWeapon>
  </VehicleWeapons>
</Vehicle>