<?xml version="1.0"?>
<Vehicle xmlns:xsi="http://www.w3.org/2001/XMLSchema-instance" xmlns:xsd="http://www.w3.org/2001/XMLSchema">
  <Key>SPEEDERSERAPH</Key>
  <Name>Seraph "Flash Speeder"</Name>
  <Description>
    [H3]Seraph "Flash Speeder"[h3]
    Please see page 105 of the Suns of Fortune Sourcebook for details.
  </Description>
  <Source>Suns of Fortune</Source>
  <Type>Landspeeder</Type>
  <Categories>
    <Category>Land Vehicle</Category>
  </Categories>
  <Encumbrance>0</Encumbrance>
  <HP>2</HP>
  <Price>5200</Price>
  <Rarity>4</Rarity>
  <MaxAltitude>2 meters</MaxAltitude>
  <HyperdrivePrimary>0</HyperdrivePrimary>
  <HyperdriveBackup>0</HyperdriveBackup>
  <StarFighters />
  <NaviComputer>false</NaviComputer>
  <SensorRange>Close</SensorRange>
  <Crew>One pilot</Crew>
  <EncumbranceCapacity>18</EncumbranceCapacity>
  <Passengers>3</Passengers>
  <Consumables />
  <Silhouette>2</Silhouette>
  <Speed>3</Speed>
  <Handling>0</Handling>
  <DefFore>0</DefFore>
  <DefAft>0</DefAft>
  <DefPort>0</DefPort>
  <DefStarboard>0</DefStarboard>
  <Armor>0</Armor>
  <HullTrauma>5</HullTrauma>
  <SystemStrain>5</SystemStrain>
  <Starship>false</Starship>
  <Massive>0</Massive>
  <SinglePilot>true</SinglePilot>
  <VehicleWeapons>
    <VehicleWeapon>
      <FiringArcs>
        <Fore>true</Fore>
        <Aft>true</Aft>
        <Port>true</Port>
        <Starboard>true</Starboard>
        <Dorsal>false</Dorsal>
        <Ventral>false</Ventral>
      </FiringArcs>
      <Turret>false</Turret>
      <Location>Top</Location>
      <Retractable>false</Retractable>
      <Qualities />
      <Key>BLASTCANLT</Key>
      <Count>1</Count>
    </VehicleWeapon>
  </VehicleWeapons>
</Vehicle>