<?xml version="1.0"?>
<Vehicle xmlns:xsi="http://www.w3.org/2001/XMLSchema-instance" xmlns:xsd="http://www.w3.org/2001/XMLSchema">
  <Key>SIMIYIARLT</Key>
  <Name>Simiyiar Light Freighter</Name>
  <Description>
    [H3]Simiyiar Light Freighter[h3]
    Please see page 264 of the Force and Destiny Core Rulebook for details.
  </Description>
  <Source>Force and Destiny Core Rulebook</Source>
  <Type>Freighter</Type>
  <Categories>
    <Category>Starship</Category>
    <Category>Non-Fighter Starship</Category>
  </Categories>
  <Encumbrance>0</Encumbrance>
  <HP>4</HP>
  <Price>165000</Price>
  <Rarity>6</Rarity>
  <Restricted>false</Restricted>
  <BaseMods />
  <MaxAltitude />
  <HyperdrivePrimary>2</HyperdrivePrimary>
  <HyperdriveBackup>15</HyperdriveBackup>
  <StarFighters />
  <NaviComputer>true</NaviComputer>
  <SensorRange>Medium</SensorRange>
  <Crew>One pilot, one co-pilot</Crew>
  <EncumbranceCapacity>90</EncumbranceCapacity>
  <Passengers>5</Passengers>
  <Consumables>Two months</Consumables>
  <Silhouette>4</Silhouette>
  <Speed>3</Speed>
  <Handling>0</Handling>
  <DefFore>1</DefFore>
  <DefAft>1</DefAft>
  <DefPort>0</DefPort>
  <DefStarboard>0</DefStarboard>
  <Armor>4</Armor>
  <HullTrauma>20</HullTrauma>
  <SystemStrain>16</SystemStrain>
  <Starship>true</Starship>
  <Massive>0</Massive>
  <SinglePilot>false</SinglePilot>
  <VehicleWeapons>
    <VehicleWeapon>
      <FiringArcs>
        <Fore>true</Fore>
        <Aft>true</Aft>
        <Port>true</Port>
        <Starboard>true</Starboard>
        <Dorsal>true</Dorsal>
        <Ventral>false</Ventral>
      </FiringArcs>
      <Turret>true</Turret>
      <Location>Dorsal</Location>
      <Retractable>false</Retractable>
      <Qualities>
        <Quality>
          <Key>LINKED</Key>
          <Count>1</Count>
          <Index>0</Index>
          <MiscDesc />
          <DefZone />
          <QualReplace>false</QualReplace>
          <VehicleWeaponUpgrades />
          <SelectedVehicleWeaponIndex>-1</SelectedVehicleWeaponIndex>
          <DieModifiers />
        </Quality>
      </Qualities>
      <Key>LASERLT</Key>
      <Count>1</Count>
    </VehicleWeapon>
    <VehicleWeapon>
      <FiringArcs>
        <Fore>true</Fore>
        <Aft>false</Aft>
        <Port>false</Port>
        <Starboard>false</Starboard>
        <Dorsal>false</Dorsal>
        <Ventral>false</Ventral>
      </FiringArcs>
      <Turret>false</Turret>
      <Location>Forward</Location>
      <Retractable>false</Retractable>
      <Qualities />
      <Key>IONLT</Key>
      <Count>1</Count>
    </VehicleWeapon>
  </VehicleWeapons>
</Vehicle>