  <Vehicle>
    <Key>SPACEMASTER</Key>
    <Name>Space Master Medium Transport</Name>
    <Description>
      [H3]Space Master Medium Transport[h3]
      Please see page 262 of the Edge of the Empire Core Rulebook for details.
    </Description>
    <Source>Edge of the Empire Core Rulebook</Source>
    <HyperdrivePrimary>4</HyperdrivePrimary>
    <HyperdriveBackup>15</HyperdriveBackup>
    <NaviComputer>true</NaviComputer>
    <SensorRange>Medium</SensorRange>
    <Crew>One Captain, One Pilot, One Co-Pilot, Two Engineers, One Cargo Master, Three Crew</Crew>
    <EncumbranceCapacity>800</EncumbranceCapacity>
    <Passengers>0</Passengers>
    <Consumables>Three Months</Consumables>
    <Silhouette>5</Silhouette>
    <Speed>2</Speed>
    <Handling>-4</Handling>
    <DefFore>1</DefFore>
    <DefAft>1</DefAft>
    <DefPort>1</DefPort>
    <DefStarboard>1</DefStarboard>
    <Armor>2</Armor>
    <HullTrauma>25</HullTrauma>
    <SystemStrain>25</SystemStrain>
    <HP>2</HP>
    <Price>150000</Price>
    <Rarity>4</Rarity>
    <Categories>
      <Category>Starship</Category>
      <Category>Non-Fighter Starship</Category>
    </Categories>
    <Type>Transport</Type>
    <Starship>true</Starship>
    <VehicleWeapons>
      <VehicleWeapon>
        <Key>LASERLT</Key>
        <Location>Dorsal</Location>
        <Turret>true</Turret>
        <FiringArcs>
          <Fore>true</Fore>
          <Aft>true</Aft>
          <Port>true</Port>
          <Starboard>true</Starboard>
          <Dorsal>true</Dorsal>
          <Ventral>false</Ventral>
        </FiringArcs>
        <Qualities>
          <Quality>
            <Key>LINKED</Key>
            <Count>1</Count>
          </Quality>
        </Qualities>
      </VehicleWeapon>
      <VehicleWeapon>
        <Key>LASERLT</Key>
        <Location>Ventral</Location>
        <Turret>true</Turret>
        <FiringArcs>
          <Fore>true</Fore>
          <Aft>true</Aft>
          <Port>true</Port>
          <Starboard>true</Starboard>
          <Dorsal>false</Dorsal>
          <Ventral>true</Ventral>
        </FiringArcs>
        <Qualities>
          <Quality>
            <Key>LINKED</Key>
            <Count>1</Count>
          </Quality>
        </Qualities>
      </VehicleWeapon>
    </VehicleWeapons>
  </Vehicle>