  <Vehicle>
    <Key>STARWIND</Key>
    <Name>Starwind Pleasure Yacht</Name>
    <Description>
      [H3]Starwind Pleasure Yacht[h3]
      Please see page 263 of the Edge of the Empire Core Rulebook for details.
    </Description>
    <Source>Edge of the Empire Core Rulebook</Source>
    <HyperdrivePrimary>1</HyperdrivePrimary>
    <HyperdriveBackup>15</HyperdriveBackup>
    <NaviComputer>true</NaviComputer>
    <SensorRange>Medium</SensorRange>
    <Crew>One Pilot, One Co-Pilot, One Engineers, Two Gunners</Crew>
    <EncumbranceCapacity>85</EncumbranceCapacity>
    <Passengers>10</Passengers>
    <Consumables>Four Months</Consumables>
    <Silhouette>5</Silhouette>
    <Speed>3</Speed>
    <Handling>-2</Handling>
    <DefFore>2</DefFore>
    <DefAft>1</DefAft>
    <DefPort>1</DefPort>
    <DefStarboard>1</DefStarboard>
    <Armor>3</Armor>
    <HullTrauma>25</HullTrauma>
    <SystemStrain>20</SystemStrain>
    <HP>2</HP>
    <Price>210000</Price>
    <Rarity>6</Rarity>
    <Categories>
      <Category>Starship</Category>
      <Category>Non-Fighter Starship</Category>
    </Categories>
    <Type>Freighter</Type>
    <Starship>true</Starship>
    <VehicleWeapons>
      <VehicleWeapon>
        <Key>LASERMED</Key>
        <Location>Dorsal</Location>
        <Turret>true</Turret>
        <FiringArcs>
          <Fore>true</Fore>
          <Aft>true</Aft>
          <Port>true</Port>
          <Starboard>true</Starboard>
          <Dorsal>true</Dorsal>
          <Ventral>false</Ventral>
        </FiringArcs>
      </VehicleWeapon>
      <VehicleWeapon>
        <Key>LASERMED</Key>
        <Location>Ventral</Location>
        <Turret>true</Turret>
        <FiringArcs>
          <Fore>true</Fore>
          <Aft>true</Aft>
          <Port>true</Port>
          <Starboard>true</Starboard>
          <Dorsal>false</Dorsal>
          <Ventral>true</Ventral>
        </FiringArcs>
      </VehicleWeapon>
    </VehicleWeapons>
  </Vehicle>