<?xml version="1.0"?>
<Vehicle xmlns:xsi="http://www.w3.org/2001/XMLSchema-instance" xmlns:xsd="http://www.w3.org/2001/XMLSchema">
  <Key>STARHAWKSPEED</Key>
  <Name>Starhawk Speeder Bike</Name>
  <Description>[H3]Starhawk Speeder Bike[h3]
      Please see page 53 of the Fly Casual Sourcebook for details.</Description>
  <Source>Fly Casual</Source>
  <Type>Landspeeder</Type>
  <Categories>
    <Category>Land Vehicle</Category>
  </Categories>
  <Encumbrance>0</Encumbrance>
  <HP>2</HP>
  <Price>2000</Price>
  <Rarity>3</Rarity>
  <Restricted>false</Restricted>
  <BaseMods />
  <MaxAltitude>15 meters</MaxAltitude>
  <HyperdrivePrimary>0</HyperdrivePrimary>
  <HyperdriveBackup>0</HyperdriveBackup>
  <StarFighters />
  <NaviComputer>false</NaviComputer>
  <SensorRange>Close</SensorRange>
  <Crew>One pilot</Crew>
  <EncumbranceCapacity>5</EncumbranceCapacity>
  <Passengers>1</Passengers>
  <Consumables />
  <Silhouette>2</Silhouette>
  <Speed>3</Speed>
  <Handling>0</Handling>
  <DefFore>0</DefFore>
  <DefAft>0</DefAft>
  <DefPort>0</DefPort>
  <DefStarboard>0</DefStarboard>
  <Armor>0</Armor>
  <HullTrauma>3</HullTrauma>
  <SystemStrain>3</SystemStrain>
  <Starship>false</Starship>
  <Massive>0</Massive>
  <SinglePilot>false</SinglePilot>
  <VehicleWeapons>
    <VehicleWeapon>
      <FiringArcs>
        <Fore>false</Fore>
        <Aft>true</Aft>
        <Port>false</Port>
        <Starboard>false</Starboard>
        <Dorsal>false</Dorsal>
        <Ventral>false</Ventral>
      </FiringArcs>
      <Turret>false</Turret>
      <Location>Unspecified</Location>
      <Retractable>false</Retractable>
      <Qualities />
      <Key>LTTRACTCOUPLE</Key>
      <Count>1</Count>
    </VehicleWeapon>
  </VehicleWeapons>
</Vehicle>