﻿<Vehicle>
  <Key>STARGALLEON</Key>
  <Name>Star Galleon Armed Transport</Name>
  <Description>
    [H3]Star Galleon Armed Transport[h3]
    Please see page 265 of the Edge of the Empire Core Rulebook for details.
  </Description>
  <Source>Edge of the Empire Core Rulebook</Source>
  <HyperdrivePrimary>2</HyperdrivePrimary>
  <HyperdriveBackup>15</HyperdriveBackup>
  <NaviComputer>true</NaviComputer>
  <SensorRange>Medium</SensorRange>
  <Crew>One-Hundred Fifty Officers and Enlisted Crew</Crew>
  <EncumbranceCapacity>10000</EncumbranceCapacity>
  <Passengers>300</Passengers>
  <Consumables>Six Months</Consumables>
  <Silhouette>6</Silhouette>
  <Speed>1</Speed>
  <Handling>-2</Handling>
  <DefFore>2</DefFore>
  <DefAft>2</DefAft>
  <DefPort>2</DefPort>
  <DefStarboard>2</DefStarboard>
  <Armor>5</Armor>
  <HullTrauma>85</HullTrauma>
  <SystemStrain>18</SystemStrain>
  <HP>2</HP>
  <Price>1500000</Price>
  <Rarity>7</Rarity>
  <Restricted>true</Restricted>
  <Categories>
    <Category>Starship</Category>
    <Category>Non-Fighter Starship</Category>
  </Categories>
  <Type>Transport</Type>
  <Starship>true</Starship>
  <VehicleWeapons>
    <VehicleWeapon>
      <Key>TURBOMED</Key>
      <Count>5</Count>
      <Location>Port</Location>
      <Retractable>true</Retractable>
      <FiringArcs>
        <Fore>false</Fore>
        <Aft>false</Aft>
        <Port>true</Port>
        <Starboard>false</Starboard>
        <Dorsal>false</Dorsal>
        <Ventral>false</Ventral>
      </FiringArcs>
    </VehicleWeapon>
    <VehicleWeapon>
      <Key>TURBOMED</Key>
      <Count>5</Count>
      <Location>Starboard</Location>
      <Retractable>true</Retractable>
      <FiringArcs>
        <Fore>false</Fore>
        <Aft>false</Aft>
        <Port>false</Port>
        <Starboard>true</Starboard>
        <Dorsal>false</Dorsal>
        <Ventral>false</Ventral>
      </FiringArcs>
    </VehicleWeapon>
    <VehicleWeapon>
      <Key>CML</Key>
      <Location>Forward</Location>
      <FiringArcs>
        <Fore>true</Fore>
        <Aft>false</Aft>
        <Port>false</Port>
        <Starboard>false</Starboard>
        <Dorsal>false</Dorsal>
        <Ventral>false</Ventral>
      </FiringArcs>
    </VehicleWeapon>
  </VehicleWeapons>
</Vehicle>