<?xml version="1.0"?>
<Vehicle xmlns:xsi="http://www.w3.org/2001/XMLSchema-instance" xmlns:xsd="http://www.w3.org/2001/XMLSchema">
  <Key>SUPERHAULCARGOSKIFF</Key>
  <Name>Superhaul Model II Cargo Skiff</Name>
  <Description>[H3]Superhaul Model II Cargo Skiff[h3]
Please see page 52 of the Far Horizons Sourcebook for details.</Description>
  <Source>Far Horizons</Source>

  <Type>Landspeeder</Type>
  <Categories>
    <Category>Air Vehicle</Category>
  </Categories>
  <Encumbrance>0</Encumbrance>
  <HP>2</HP>
  <Price>8000</Price>
  <Rarity>3</Rarity>
  <Restricted>false</Restricted>
  <BaseMods />
  <MaxAltitude>50 meters</MaxAltitude>
  <HyperdrivePrimary>0</HyperdrivePrimary>
  <HyperdriveBackup>0</HyperdriveBackup>
  <StarFighters />
  <NaviComputer>false</NaviComputer>
  <SensorRange>Close</SensorRange>
  <Crew>One pilot</Crew>
  <EncumbranceCapacity>80</EncumbranceCapacity>
  <Passengers>8</Passengers>
  <Consumables />
  <Silhouette>2</Silhouette>
  <Speed>2</Speed>
  <Handling>-1</Handling>
  <DefFore>0</DefFore>
  <DefAft>0</DefAft>
  <DefPort>0</DefPort>
  <DefStarboard>0</DefStarboard>
  <Armor>0</Armor>
  <HullTrauma>5</HullTrauma>
  <SystemStrain>3</SystemStrain>
  <Starship>false</Starship>
  <Massive>0</Massive>
  <SinglePilot>false</SinglePilot>
  <VehicleWeapons />
</Vehicle>