<?xml version="1.0"?>
<Vehicle xmlns:xsi="http://www.w3.org/2001/XMLSchema-instance" xmlns:xsd="http://www.w3.org/2001/XMLSchema">
  <Key>SYLIUREHYPERRING</Key>
  <Name>Syliure-31 Hyperdrive Docking Ring</Name>
  <Description>
    [H3]Syliure-31 Hyperdrive Ring[h3]
    Please see sidebar on page 259 of the Force and Destiny Core Rulebook for details.
  </Description>
  <Source>Force and Destiny Core Rulebook</Source>
  <Sources />
  <Type>Hyperdrive Docking Ring</Type>
  <Categories />
  <Encumbrance>0</Encumbrance>
  <HP>0</HP>
  <Price>12000</Price>
  <Rarity>5</Rarity>
  <Restricted>false</Restricted>
  <BaseMods />
  <MaxAltitude />
  <HyperdrivePrimary>1</HyperdrivePrimary>
  <HyperdriveBackup>0</HyperdriveBackup>
  <StarFighters>Gives jump capability to Delta-7, -7B, and -12 starfighters.</StarFighters>
  <NaviComputer>false</NaviComputer>
  <SensorRange>None</SensorRange>
  <Crew>One R1- or R2-Series Astromech</Crew>
  <EncumbranceCapacity>0</EncumbranceCapacity>
  <Passengers>0</Passengers>
  <Consumables>None</Consumables>
  <Silhouette>3</Silhouette>
  <Speed>4</Speed>
  <Handling>0</Handling>
  <DefFore>0</DefFore>
  <DefAft>0</DefAft>
  <DefPort>0</DefPort>
  <DefStarboard>0</DefStarboard>
  <Armor>0</Armor>
  <HullTrauma>1</HullTrauma>
  <SystemStrain>1</SystemStrain>
  <Starship>true</Starship>
  <Massive>0</Massive>
  <SinglePilot>false</SinglePilot>
  <VehicleWeapons />
</Vehicle>