<?xml version="1.0"?>
<Vehicle xmlns:xsi="http://www.w3.org/2001/XMLSchema-instance" xmlns:xsd="http://www.w3.org/2001/XMLSchema">
  <Key>SYLIUREHYPER</Key>
  <Name>Syliure-25 Hyperdrive Sled</Name>
  <Description>[H3]Syliure-25 Hyperdrive Sled[h3]
Please see sidebar on page 255 of the Edge of the Empire Core Rulebook for details.</Description>
  <Source>Edge of the Empire Core Rulebook</Source>
  <Sources />
  <Type>Hyperdrive Sled</Type>
  <Categories />
  <Encumbrance>0</Encumbrance>
  <HP>0</HP>
  <Price>10000</Price>
  <Rarity>4</Rarity>
  <Restricted>false</Restricted>
  <BaseMods />
  <MaxAltitude />
  <HyperdrivePrimary>2</HyperdrivePrimary>
  <HyperdriveBackup>0</HyperdriveBackup>
  <StarFighters>Gives jump capability to starfighters. Reduces handling by 2 and speed by 1.</StarFighters>
  <NaviComputer>false</NaviComputer>
  <SensorRange>None</SensorRange>
  <Crew>One R1- or R2-Series Astromech</Crew>
  <EncumbranceCapacity>0</EncumbranceCapacity>
  <Passengers>0</Passengers>
  <Consumables></Consumables>
  <Silhouette>3</Silhouette>
  <Speed>0</Speed>
  <Handling>0</Handling>
  <DefFore>0</DefFore>
  <DefAft>0</DefAft>
  <DefPort>0</DefPort>
  <DefStarboard>0</DefStarboard>
  <Armor>0</Armor>
  <HullTrauma>1</HullTrauma>
  <SystemStrain>1</SystemStrain>
  <Starship>true</Starship>
  <Massive>0</Massive>
  <SinglePilot>false</SinglePilot>
  <VehicleWeapons />
</Vehicle>