<?xml version="1.0"?>
<Vehicle xmlns:xsi="http://www.w3.org/2001/XMLSchema-instance" xmlns:xsd="http://www.w3.org/2001/XMLSchema">
  <Key>T65BXWING</Key>
  <Name>T-65B X-Wing Starfighter</Name>
  <Description>
    [H3]T-65B X-Wing Starfighter[h3]
    Please see page 267 of the Age of Rebellion Core Rulebook, or page 261 of the Force and Destiny Core Rulebook, for details.
  </Description>
  <Sources>
    <Source>Age of Rebellion Core Rulebook</Source>
    <Source>Force and Destiny Core Rulebook</Source>
  </Sources>
  <Type>Starfighter</Type>
  <Categories>
    <Category>Starship</Category>
  </Categories>
  <Encumbrance>0</Encumbrance>
  <HP>1</HP>
  <Price>120000</Price>
  <Rarity>5</Rarity>
  <MaxAltitude />
  <HyperdrivePrimary>1</HyperdrivePrimary>
  <HyperdriveBackup>0</HyperdriveBackup>
  <StarFighters />
  <NaviComputer>false</NaviComputer>
  <SensorRange>Close</SensorRange>
  <Crew>One pilot, one astromech droid</Crew>
  <EncumbranceCapacity>10</EncumbranceCapacity>
  <Passengers>0</Passengers>
  <Consumables>One week</Consumables>
  <Silhouette>3</Silhouette>
  <Speed>5</Speed>
  <Handling>1</Handling>
  <DefFore>1</DefFore>
  <DefAft>1</DefAft>
  <DefPort>0</DefPort>
  <DefStarboard>0</DefStarboard>
  <Armor>3</Armor>
  <HullTrauma>10</HullTrauma>
  <SystemStrain>10</SystemStrain>
  <Starship>true</Starship>
  <SinglePilot>true</SinglePilot>
  <VehicleWeapons>
    <VehicleWeapon>
      <FiringArcs>
        <Fore>true</Fore>
        <Aft>false</Aft>
        <Port>false</Port>
        <Starboard>false</Starboard>
        <Dorsal>false</Dorsal>
        <Ventral>false</Ventral>
      </FiringArcs>
      <Turret>false</Turret>
      <Location>SFoil</Location>
      <Retractable>false</Retractable>
      <Qualities>
        <Quality>
          <Key>LINKED</Key>
          <Count>3</Count>
          <Index>0</Index>
          <MiscDesc />
          <DefZone />
        </Quality>
      </Qualities>
      <Key>LASERMED</Key>
      <Count>1</Count>
    </VehicleWeapon>
    <VehicleWeapon>
      <FiringArcs>
        <Fore>true</Fore>
        <Aft>false</Aft>
        <Port>false</Port>
        <Starboard>false</Starboard>
        <Dorsal>false</Dorsal>
        <Ventral>false</Ventral>
      </FiringArcs>
      <Turret>false</Turret>
      <Location>Forward</Location>
      <Retractable>false</Retractable>
      <Qualities>
        <Quality>
          <Key>LIMITEDAMMO</Key>
          <Count>6</Count>
          <Index>0</Index>
          <MiscDesc />
          <DefZone />
        </Quality>
        <Quality>
          <Key>LINKED</Key>
          <Count>1</Count>
          <Index>0</Index>
          <MiscDesc />
          <DefZone />
        </Quality>
      </Qualities>
      <Key>PTL</Key>
      <Count>1</Count>
    </VehicleWeapon>
  </VehicleWeapons>
</Vehicle>