<?xml version="1.0"?>
<Vehicle xmlns:xsi="http://www.w3.org/2001/XMLSchema-instance" xmlns:xsd="http://www.w3.org/2001/XMLSchema">
  <Key>TALON1CLOUD</Key>
  <Name>Talon I Combat Cloud Car</Name>
  <Description>
    [H3]Ubrikkian Industries Talon I Combat Cloud Car[h3]
    Please see page 254 of the Force and Destiny Core Rulebook for details.
  </Description>
  <Source>Force and Destiny Core Rulebook</Source>
  <Type>Cloud Car</Type>
  <Categories>
    <Category>Air Vehicle</Category>
  </Categories>
  <Encumbrance>0</Encumbrance>
  <HP>2</HP>
  <Price>36000</Price>
  <Rarity>5</Rarity>
  <Restricted>false</Restricted>
  <BaseMods />
  <MaxAltitude>100 kilometers</MaxAltitude>
  <HyperdrivePrimary>0</HyperdrivePrimary>
  <HyperdriveBackup>0</HyperdriveBackup>
  <StarFighters />
  <NaviComputer>false</NaviComputer>
  <SensorRange>Short</SensorRange>
  <Crew>One pilot</Crew>
  <EncumbranceCapacity>10</EncumbranceCapacity>
  <Passengers>0</Passengers>
  <Consumables />
  <Silhouette>2</Silhouette>
  <Speed>4</Speed>
  <Handling>2</Handling>
  <DefFore>0</DefFore>
  <DefAft>0</DefAft>
  <DefPort>0</DefPort>
  <DefStarboard>0</DefStarboard>
  <Armor>3</Armor>
  <HullTrauma>6</HullTrauma>
  <SystemStrain>7</SystemStrain>
  <Starship>false</Starship>
  <Massive>0</Massive>
  <SinglePilot>true</SinglePilot>
  <VehicleWeapons>
    <VehicleWeapon>
      <FiringArcs>
        <Fore>true</Fore>
        <Aft>false</Aft>
        <Port>false</Port>
        <Starboard>false</Starboard>
        <Dorsal>false</Dorsal>
        <Ventral>false</Ventral>
      </FiringArcs>
      <Turret>false</Turret>
      <Location>Forward</Location>
      <Retractable>false</Retractable>
      <Qualities>
        <Quality>
          <Key>LINKED</Key>
          <Count>1</Count>
          <Index>0</Index>
          <MiscDesc />
          <DefZone />
          <QualReplace>false</QualReplace>
          <VehicleWeaponUpgrades />
          <SelectedVehicleWeaponIndex>-1</SelectedVehicleWeaponIndex>
          <DieModifiers />
        </Quality>
      </Qualities>
      <Key>BLASTCANHVY</Key>
      <Count>1</Count>
    </VehicleWeapon>
  </VehicleWeapons>
</Vehicle>