  <Vehicle>
    <Key>TIELN</Key>
    <Name>TIE/LN Starfighter</Name>
    <Description>
      [H3]TIE/LN Starfighter[h3]
      Please see page 257 of the Edge of the Empire Core Rulebook, page 270 of the Age of Rebellion Core Rulebook, or page 261 of the Force and Destiny Core Rulebook, for details.
    </Description>
    <HyperdrivePrimary>0</HyperdrivePrimary>
    <HyperdriveBackup>0</HyperdriveBackup>
    <NaviComputer>false</NaviComputer>
    <SensorRange>Close</SensorRange>
    <Crew>One Pilot</Crew>
    <EncumbranceCapacity>4</EncumbranceCapacity>
    <Passengers>0</Passengers>
    <Consumables>Two days</Consumables>
    <Silhouette>3</Silhouette>
    <Speed>5</Speed>
    <Handling>3</Handling>
    <DefFore>0</DefFore>
    <DefAft>0</DefAft>
    <DefPort>0</DefPort>
    <DefStarboard>0</DefStarboard>
    <Armor>2</Armor>
    <HullTrauma>6</HullTrauma>
    <SystemStrain>8</SystemStrain>
    <HP>0</HP>
    <Price>50000</Price>
    <Rarity>4</Rarity>
    <Restricted>true</Restricted>
    <Categories>
      <Category>Starship</Category>
    </Categories>
    <Type>Starfighter</Type>
    <Starship>true</Starship>
    <SinglePilot>true</SinglePilot>
    <VehicleWeapons>
      <VehicleWeapon>
        <Key>LASERMED</Key>
        <Location>Forward</Location>
        <FiringArcs>
          <Fore>true</Fore>
          <Aft>false</Aft>
          <Port>false</Port>
          <Starboard>false</Starboard>
          <Dorsal>false</Dorsal>
          <Ventral>false</Ventral>
        </FiringArcs>
        <Qualities>
          <Quality>
            <Key>LINKED</Key>
            <Count>1</Count>
          </Quality>
        </Qualities>
      </VehicleWeapon>
    </VehicleWeapons>
  </Vehicle>