  <Vehicle>
    <Key>AA5SPEEDERTRUCK</Key>
    <Name>Trast A-A5 Heavy Speeder Truck</Name>
    <Description>
      [H3]Trast A-A5 Heavy Speeder Truck[h3]
      Please see page 250 of the Edge of the Empire Core Rulebook for details.
    </Description>
    <Source>Edge of the Empire Core Rulebook</Source>
    <MaxAltitude>3 meters</MaxAltitude>
    <SensorRange>None</SensorRange>
    <Crew>One Pilot, Two Co-Pilots</Crew>
    <EncumbranceCapacity>220</EncumbranceCapacity>
    <Passengers>25</Passengers>
    <Silhouette>3</Silhouette>
    <Speed>1</Speed>
    <Handling>-2</Handling>
    <DefFore>0</DefFore>
    <DefAft>0</DefAft>
    <DefPort>0</DefPort>
    <DefStarboard>0</DefStarboard>
    <Armor>0</Armor>
    <HullTrauma>10</HullTrauma>
    <SystemStrain>8</SystemStrain>
    <HP>3</HP>
    <Price>10000</Price>
    <Rarity>2</Rarity>
    <Categories>
      <Category>Land Vehicle</Category>
    </Categories>
    <Type>Speeder Truck</Type>
    <VehicleWeapons>
    </VehicleWeapons>
  </Vehicle>