<?xml version="1.0"?>
<Vehicle xmlns:xsi="http://www.w3.org/2001/XMLSchema-instance" xmlns:xsd="http://www.w3.org/2001/XMLSchema">
  <Key>V5CARGO</Key>
  <Name>V5 Medium Cargo Floater</Name>
  <Description>
    [H3]V5 Medium Cargo Floater[h3]
    Please see page 33 of the Beyond the Rim Adventure Module for details.
</Description>
  <Source>Beyond the Rim</Source>
  <Type>Cargo Floater</Type>
  <Categories>
    <Category>Land Vehicle</Category>
  </Categories>
  <Encumbrance>0</Encumbrance>
  <HP>0</HP>
  <Price>1225</Price>
  <Rarity>2</Rarity>
  <MaxAltitude>1 meter</MaxAltitude>
  <HyperdrivePrimary>0</HyperdrivePrimary>
  <HyperdriveBackup>0</HyperdriveBackup>
  <StarFighters />
  <NaviComputer>false</NaviComputer>
  <SensorRange>None</SensorRange>
  <Crew>One pilot</Crew>
  <EncumbranceCapacity>55</EncumbranceCapacity>
  <Passengers>6</Passengers>
  <Consumables />
  <Silhouette>2</Silhouette>
  <Speed>1</Speed>
  <Handling>-2</Handling>
  <DefFore>0</DefFore>
  <DefAft>0</DefAft>
  <DefPort>0</DefPort>
  <DefStarboard>0</DefStarboard>
  <Armor>0</Armor>
  <HullTrauma>6</HullTrauma>
  <SystemStrain>4</SystemStrain>
  <Starship>false</Starship>
  <SinglePilot>true</SinglePilot>
  <VehicleWeapons />
</Vehicle>