  <Vehicle>
    <Key>X34SPEEDER</Key>
    <Name>X-34 Landspeeder</Name>
    <Description>
      [H3]X-34 Landspeeder[h3]
      Please see page 251 of the Edge of the Empire Core Rulebook for details.
    </Description>
    <Source>Edge of the Empire Core Rulebook</Source>
    <MaxAltitude>1 meters</MaxAltitude>
    <SensorRange>Close</SensorRange>
    <Crew>One Pilot</Crew>
    <EncumbranceCapacity>15</EncumbranceCapacity>
    <Passengers>1</Passengers>
    <Silhouette>2</Silhouette>
    <Speed>2</Speed>
    <Handling>0</Handling>
    <DefFore>0</DefFore>
    <DefAft>0</DefAft>
    <DefPort>0</DefPort>
    <DefStarboard>0</DefStarboard>
    <Armor>0</Armor>
    <HullTrauma>4</HullTrauma>
    <SystemStrain>5</SystemStrain>
    <HP>2</HP>
    <Price>4500</Price>
    <Rarity>2</Rarity>
    <Categories>
      <Category>Land Vehicle</Category>
    </Categories>
    <Type>Landspeeder</Type>
    <SinglePilot>true</SinglePilot>
    <VehicleWeapons>
    </VehicleWeapons>
  </Vehicle>