<?xml version="1.0"?>
<Vehicle xmlns:xsi="http://www.w3.org/2001/XMLSchema-instance" xmlns:xsd="http://www.w3.org/2001/XMLSchema">
  <Key>XIYTIAR</Key>
  <Name>Xiytiar-class Heavy Transport</Name>
  <Description>
    [H3]Xiytiar-class Heavy Transport[h3]
    Please see page 63 of the Enter the Unknown Sourcebook for details.
  </Description>
  <Source>Enter the Unknown</Source>
  <Type>Transport</Type>
  <Categories>
    <Category>Non-Fighter Starship</Category>
    <Category>Starship</Category>
  </Categories>
  <Encumbrance>0</Encumbrance>
  <HP>4</HP>
  <Price>200000</Price>
  <Rarity>5</Rarity>
  <MaxAltitude />
  <HyperdrivePrimary>3</HyperdrivePrimary>
  <HyperdriveBackup>16</HyperdriveBackup>
  <StarFighters>None</StarFighters>
  <NaviComputer>true</NaviComputer>
  <SensorRange>Short</SensorRange>
  <Crew>One pilot, one copilot, one engineer, one loadmaster, six technicians</Crew>
  <EncumbranceCapacity>2000</EncumbranceCapacity>
  <Passengers>12</Passengers>
  <Consumables>Six months</Consumables>
  <Silhouette>5</Silhouette>
  <Speed>2</Speed>
  <Handling>-3</Handling>
  <DefFore>1</DefFore>
  <DefAft>1</DefAft>
  <DefPort>1</DefPort>
  <DefStarboard>1</DefStarboard>
  <Armor>2</Armor>
  <HullTrauma>35</HullTrauma>
  <SystemStrain>20</SystemStrain>
  <Starship>true</Starship>
  <VehicleWeapons />
</Vehicle>