﻿<Vehicle>
  <Key>YT1300</Key>
  <Name>YT-1300 Light Freighter</Name>
  <Description>
    [H3]YT-1300 Light Freighter[h3]
    Please see page 264 of the Edge of the Empire Core Rulebook for details.
  </Description>
  <Source>Edge of the Empire Core Rulebook</Source>
  <HyperdrivePrimary>2</HyperdrivePrimary>
  <HyperdriveBackup>12</HyperdriveBackup>
  <NaviComputer>true</NaviComputer>
  <SensorRange>Short</SensorRange>
  <Crew>One Pilot, One Co-Pilot, One Engineer</Crew>
  <EncumbranceCapacity>165</EncumbranceCapacity>
  <Passengers>6</Passengers>
  <Consumables>Two Months</Consumables>
  <Silhouette>4</Silhouette>
  <Speed>3</Speed>
  <Handling>-1</Handling>
  <DefFore>1</DefFore>
  <DefAft>1</DefAft>
  <DefPort>0</DefPort>
  <DefStarboard>0</DefStarboard>
  <Armor>3</Armor>
  <HullTrauma>22</HullTrauma>
  <SystemStrain>15</SystemStrain>
  <HP>6</HP>
  <Price>100000</Price>
  <Rarity>4</Rarity>
  <Categories>
    <Category>Starship</Category>
    <Category>Non-Fighter Starship</Category>
  </Categories>
  <Type>Freighter</Type>
  <Starship>true</Starship>
  <VehicleWeapons>
    <VehicleWeapon>
      <Key>LASERMED</Key>
      <Location>Dorsal</Location>
      <Turret>true</Turret>
      <FiringArcs>
        <Fore>true</Fore>
        <Aft>true</Aft>
        <Port>true</Port>
        <Starboard>true</Starboard>
        <Dorsal>true</Dorsal>
        <Ventral>false</Ventral>
      </FiringArcs>
      <Qualities>
      </Qualities>
    </VehicleWeapon>
    <VehicleWeapon>
      <Key>LASERMED</Key>
      <Location>Ventral</Location>
      <Turret>true</Turret>
      <FiringArcs>
        <Fore>true</Fore>
        <Aft>true</Aft>
        <Port>true</Port>
        <Starboard>true</Starboard>
        <Dorsal>false</Dorsal>
        <Ventral>true</Ventral>
      </FiringArcs>
      <Qualities>
      </Qualities>
    </VehicleWeapon>
  </VehicleWeapons>
</Vehicle>