﻿<Vehicle>
  <Key>YT2400</Key>
  <Name>YT-2400 Light Freighter</Name>
  <Description>
    [H3]YT-2400 Light Freighter[h3]
    Please see page 265 of the Edge of the Empire Core Rulebook for details.
  </Description>
  <Source>Edge of the Empire Core Rulebook</Source>
  <HyperdrivePrimary>2</HyperdrivePrimary>
  <HyperdriveBackup>12</HyperdriveBackup>
  <NaviComputer>true</NaviComputer>
  <SensorRange>Short</SensorRange>
  <Crew>One Pilot, One Co-Pilot/Engineer</Crew>
  <EncumbranceCapacity>140</EncumbranceCapacity>
  <Passengers>6</Passengers>
  <Consumables>Two Months</Consumables>
  <Silhouette>4</Silhouette>
  <Speed>3</Speed>
  <Handling>0</Handling>
  <DefFore>1</DefFore>
  <DefAft>1</DefAft>
  <DefPort>0</DefPort>
  <DefStarboard>0</DefStarboard>
  <Armor>4</Armor>
  <HullTrauma>25</HullTrauma>
  <SystemStrain>18</SystemStrain>
  <HP>5</HP>
  <Price>130000</Price>
  <Rarity>4</Rarity>
  <Categories>
    <Category>Starship</Category>
    <Category>Non-Fighter Starship</Category>
  </Categories>
  <Type>Freighter</Type>
  <Starship>true</Starship>
  <VehicleWeapons>
    <VehicleWeapon>
      <Key>LASERMED</Key>
      <Location>Dorsal</Location>
      <Turret>true</Turret>
      <FiringArcs>
        <Fore>true</Fore>
        <Aft>true</Aft>
        <Port>true</Port>
        <Starboard>true</Starboard>
        <Dorsal>true</Dorsal>
        <Ventral>false</Ventral>
      </FiringArcs>
      <Qualities>
        <Quality>
          <Key>LINKED</Key>
          <Count>1</Count>
        </Quality>
      </Qualities>
    </VehicleWeapon>
    <VehicleWeapon>
      <Key>LASERMED</Key>
      <Location>Ventral</Location>
      <Turret>true</Turret>
      <FiringArcs>
        <Fore>true</Fore>
        <Aft>true</Aft>
        <Port>true</Port>
        <Starboard>true</Starboard>
        <Dorsal>false</Dorsal>
        <Ventral>true</Ventral>
      </FiringArcs>
      <Qualities>
        <Quality>
          <Key>LINKED</Key>
          <Count>1</Count>
        </Quality>
      </Qualities>
    </VehicleWeapon>
  </VehicleWeapons>
</Vehicle>