  <Vehicle>
    <Key>Z95AF4</Key>
    <Name>Z-95-AF4 Headhunter</Name>
    <Description>
      [H3]Z-95-AF4 Headhunter[h3]
      Please see page 258 of the Edge of the Empire Core Rulebook for details.
    </Description>
    <Source>Edge of the Empire Core Rulebook</Source>
    <HyperdrivePrimary>0</HyperdrivePrimary>
    <HyperdriveBackup>0</HyperdriveBackup>
    <NaviComputer>false</NaviComputer>
    <SensorRange>Close</SensorRange>
    <Crew>One Pilot</Crew>
    <EncumbranceCapacity>8</EncumbranceCapacity>
    <Passengers>0</Passengers>
    <Consumables>One Day</Consumables>
    <Silhouette>3</Silhouette>
    <Speed>4</Speed>
    <Handling>1</Handling>
    <DefFore>1</DefFore>
    <DefAft>0</DefAft>
    <DefPort>0</DefPort>
    <DefStarboard>0</DefStarboard>
    <Armor>3</Armor>
    <HullTrauma>9</HullTrauma>
    <SystemStrain>8</SystemStrain>
    <HP>2</HP>
    <Price>55000</Price>
    <Rarity>4</Rarity>
    <Categories>
      <Category>Starship</Category>
    </Categories>
    <Type>Starfighter</Type>
    <Starship>true</Starship>
    <SinglePilot>true</SinglePilot>
    <VehicleWeapons>
      <VehicleWeapon>
        <Key>LASERLT</Key>
        <Location>Wingtip</Location>
        <FiringArcs>
          <Fore>true</Fore>
          <Aft>false</Aft>
          <Port>false</Port>
          <Starboard>false</Starboard>
          <Dorsal>false</Dorsal>
          <Ventral>false</Ventral>
        </FiringArcs>
        <Qualities>
          <Quality>
            <Key>LINKED</Key>
            <Count>1</Count>
          </Quality>
        </Qualities>
      </VehicleWeapon>
      <VehicleWeapon>
        <Key>CML</Key>
        <Location>Forward</Location>
        <FiringArcs>
          <Fore>true</Fore>
          <Aft>false</Aft>
          <Port>false</Port>
          <Starboard>false</Starboard>
          <Dorsal>false</Dorsal>
          <Ventral>false</Ventral>
        </FiringArcs>
        <Qualities>
          <Quality>
            <Key>LINKED</Key>
            <Count>1</Count>
          </Quality>
          <Quality>
            <Key>LIMITEDAMMO</Key>
            <Count>6</Count>
          </Quality>
        </Qualities>
      </VehicleWeapon>
    </VehicleWeapons>
  </Vehicle>