<?xml version="1.0"?>
<Vehicle xmlns:xsi="http://www.w3.org/2001/XMLSchema-instance" xmlns:xsd="http://www.w3.org/2001/XMLSchema">
  <Key>ZEPHYRG</Key>
  <Name>Zephyr-G Swoop</Name>
  <Description>
    [H3]Zephyr-G Swoop[h3]
    Please see page 59 of the Enter the Unknown Sourcebook for details.
  </Description>
  <Source>Enter the Unknown</Source>
  <Type>Swoop</Type>
  <Categories>
    <Category>Land Vehicle</Category>
  </Categories>
  <Encumbrance>0</Encumbrance>
  <HP>2</HP>
  <Price>5700</Price>
  <Rarity>4</Rarity>
  <MaxAltitude>6 meters</MaxAltitude>
  <HyperdrivePrimary>0</HyperdrivePrimary>
  <HyperdriveBackup>0</HyperdriveBackup>
  <StarFighters />
  <NaviComputer>false</NaviComputer>
  <SensorRange>Short</SensorRange>
  <Crew>One pilot</Crew>
  <EncumbranceCapacity>4</EncumbranceCapacity>
  <Passengers>1</Passengers>
  <Consumables />
  <Silhouette>2</Silhouette>
  <Speed>2</Speed>
  <Handling>0</Handling>
  <DefFore>0</DefFore>
  <DefAft>0</DefAft>
  <DefPort>0</DefPort>
  <DefStarboard>0</DefStarboard>
  <Armor>0</Armor>
  <HullTrauma>4</HullTrauma>
  <SystemStrain>7</SystemStrain>
  <Starship>false</Starship>
  <SinglePilot>true</SinglePilot>
  <VehicleWeapons />
</Vehicle>