<?xml version="1.0"?>
<Vehicle xmlns:xsi="http://www.w3.org/2001/XMLSchema-instance" xmlns:xsd="http://www.w3.org/2001/XMLSchema">
  <Key>ZH25QUEST</Key>
  <Name>ZH-25 Questor Light Freighter</Name>
  <Description>
    [H3]ZH-25 Questor Light Freighter[h3]
    Please see page 265 of the Force and Destiny Core Rulebook for details.
  </Description>
  <Source>Force and Destiny Core Rulebook</Source>
  <Type>Freighter</Type>
  <Categories>
    <Category>Starship</Category>
    <Category>Non-Fighter Starship</Category>
  </Categories>
  <Encumbrance>0</Encumbrance>
  <HP>4</HP>
  <Price>115000</Price>
  <Rarity>6</Rarity>
  <Restricted>false</Restricted>
  <BaseMods />
  <MaxAltitude />
  <HyperdrivePrimary>2</HyperdrivePrimary>
  <HyperdriveBackup>15</HyperdriveBackup>
  <StarFighters />
  <NaviComputer>true</NaviComputer>
  <SensorRange>Medium</SensorRange>
  <Crew>One pilot, one co-pilot</Crew>
  <EncumbranceCapacity>100</EncumbranceCapacity>
  <Passengers>6</Passengers>
  <Consumables>Three months</Consumables>
  <Silhouette>4</Silhouette>
  <Speed>3</Speed>
  <Handling>-1</Handling>
  <DefFore>1</DefFore>
  <DefAft>1</DefAft>
  <DefPort>0</DefPort>
  <DefStarboard>0</DefStarboard>
  <Armor>3</Armor>
  <HullTrauma>30</HullTrauma>
  <SystemStrain>20</SystemStrain>
  <Starship>true</Starship>
  <Massive>0</Massive>
  <SinglePilot>false</SinglePilot>
  <VehicleWeapons>
    <VehicleWeapon>
      <FiringArcs>
        <Fore>true</Fore>
        <Aft>true</Aft>
        <Port>true</Port>
        <Starboard>true</Starboard>
        <Dorsal>false</Dorsal>
        <Ventral>true</Ventral>
      </FiringArcs>
      <Turret>true</Turret>
      <Location>Ventral</Location>
      <Retractable>false</Retractable>
      <Qualities />
      <Key>LASERMED</Key>
      <Count>1</Count>
    </VehicleWeapon>
  </VehicleWeapons>
</Vehicle>