<?xml version="1.0"?>
<Vehicle xmlns:xsi="http://www.w3.org/2001/XMLSchema-instance" xmlns:xsd="http://www.w3.org/2001/XMLSchema">
  <Key>GOLANARMSDEF</Key>
  <Name>Golan Arms Defense Platform</Name>
  <Description>[H3]Golan Arms Defense Platform[h3]
</Description>
  <Source>Spark of Rebellion</Source>
  <Sources />
  <Custom>AddedItem</Custom>
  <Type>Defense Platform</Type>
  <Categories>
    <Category>Non-Fighter Starship</Category>
  </Categories>
  <Encumbrance>0</Encumbrance>
  <HP>0</HP>
  <Price>0</Price>
  <Rarity>0</Rarity>
  <Restricted>true</Restricted>
  <BaseMods />
  <WeaponModifiers />
  <MaxAltitude />
  <HyperdrivePrimary>0</HyperdrivePrimary>
  <HyperdriveBackup>0</HyperdriveBackup>
  <StarFighters />
  <NaviComputer>false</NaviComputer>
  <SensorRange>None</SensorRange>
  <Crew />
  <EncumbranceCapacity>0</EncumbranceCapacity>
  <Passengers>0</Passengers>
  <Consumables />
  <Silhouette>4</Silhouette>
  <Speed>0</Speed>
  <Handling>0</Handling>
  <DefFore>0</DefFore>
  <DefAft>0</DefAft>
  <DefPort>0</DefPort>
  <DefStarboard>0</DefStarboard>
  <Armor>5</Armor>
  <HullTrauma>12</HullTrauma>
  <SystemStrain>18</SystemStrain>
  <Starship>false</Starship>
  <Massive>0</Massive>
  <SinglePilot>false</SinglePilot>
  <VehicleWeapons>
    <VehicleWeapon>
      <FiringArcs>
        <Fore>false</Fore>
        <Aft>false</Aft>
        <Port>false</Port>
        <Starboard>false</Starboard>
        <Dorsal>false</Dorsal>
        <Ventral>false</Ventral>
      </FiringArcs>
      <Turret>true</Turret>
      <Location>Unspecified</Location>
      <Retractable>false</Retractable>
      <Qualities />
      <Key>BLASTCANLT</Key>
      <Count>1</Count>
    </VehicleWeapon>
  </VehicleWeapons>
  <BuiltInAttachments />
</Vehicle>