﻿<?xml version="1.0" encoding="utf-8" ?>
<ForcePower>
  <Key>FORSEE</Key>
  <Name>Foresee</Name>
  <Description>
    [H4]Force Power: Foresee[h4]
    Please see page 300 of the Age of Rebellion Core Rulebook, or page 290 of the Force and Destiny Core Rulebook, for details.
  </Description>
  <Sources>
    <Source>Age of Rebellion Core Rulebook</Source>
    <Source>Force and Destiny Core Rulebook</Source>
  </Sources>
  <MinForceRating>1</MinForceRating>
  <AbilityRows>
    <AbilityRow>
      <Index>0</Index>
      <Abilities>
        <Key>FORSEEBASIC</Key>
        <Key>FORSEEBASIC</Key>
        <Key>FORSEEBASIC</Key>
        <Key>FORSEEBASIC</Key>
      </Abilities>
      <AbilitySpan>
        <Span>4</Span>
        <Span>0</Span>
        <Span>0</Span>
        <Span>0</Span>
      </AbilitySpan>
      <Costs>
        <Cost>10</Cost>
        <Cost>0</Cost>
        <Cost>0</Cost>
        <Cost>0</Cost>
      </Costs>
      <Directions>
        <Direction>
          <Down>true</Down>
        </Direction>
        <Direction>
          <Down>true</Down>
        </Direction>
        <Direction>
          <Down>true</Down>
        </Direction>
        <Direction>
          <Down>true</Down>
        </Direction>
      </Directions>
    </AbilityRow>
    <AbilityRow>
      <Index>1</Index>
      <Abilities>
        <Key>FORSEECONTROL1</Key>
        <Key>FORSEECONTROL1</Key>
        <Key>FORSEECONTROL1</Key>
        <Key>FORSEESTRENGTH</Key>
      </Abilities>
      <AbilitySpan>
        <Span>3</Span>
        <Span>0</Span>
        <Span>0</Span>
        <Span>1</Span>
      </AbilitySpan>
      <Costs>
        <Cost>10</Cost>
        <Cost>0</Cost>
        <Cost>0</Cost>
        <Cost>5</Cost>
      </Costs>
      <Directions>
        <Direction>
          <Down>true</Down>
          <Up>true</Up>
        </Direction>
        <Direction>
          <Down>true</Down>
          <Up>true</Up>
        </Direction>
        <Direction>
          <Down>true</Down>
          <Up>true</Up>
        </Direction>
        <Direction>
          <Down>true</Down>
          <Up>true</Up>
        </Direction>
      </Directions>
    </AbilityRow>
    <AbilityRow>
      <Index>2</Index>
      <Abilities>
        <Key>FORSEEMAGNITUDE</Key>
        <Key>FORSEERANGE</Key>
        <Key>FORSEECONTROL2</Key>
        <Key>FORSEEDURATION</Key>
      </Abilities>
      <AbilitySpan>
        <Span>1</Span>
        <Span>1</Span>
        <Span>1</Span>
        <Span>1</Span>
      </AbilitySpan>
      <Costs>
        <Cost>5</Cost>
        <Cost>5</Cost>
        <Cost>10</Cost>
        <Cost>5</Cost>
      </Costs>
      <Directions>
        <Direction>
          <Down>true</Down>
          <Up>true</Up>
        </Direction>
        <Direction>
          <Down>true</Down>
          <Up>true</Up>
        </Direction>
        <Direction>
          <Up>true</Up>
        </Direction>
        <Direction>
          <Down>true</Down>
          <Up>true</Up>
        </Direction>
      </Directions>
    </AbilityRow>
    <AbilityRow>
      <Index>3</Index>
      <Abilities>
        <Key>FORSEEMAGNITUDE</Key>
        <Key>FORSEERANGE</Key>
        <Key>FORSEERANGE</Key>
        <Key>FORSEESTRENGTH</Key>
      </Abilities>
      <AbilitySpan>
        <Span>1</Span>
        <Span>1</Span>
        <Span>1</Span>
        <Span>1</Span>
      </AbilitySpan>
      <Costs>
        <Cost>5</Cost>
        <Cost>5</Cost>
        <Cost>5</Cost>
        <Cost>5</Cost>
      </Costs>
      <Directions>
        <Direction>
          <Down>true</Down>
          <Up>true</Up>
        </Direction>
        <Direction>
          <Up>true</Up>
		  <Right>true</Right>
        </Direction>
        <Direction>
          <Left>true</Left>
          <Down>true</Down>
        </Direction>
        <Direction>
          <Down>true</Down>
          <Up>true</Up>
        </Direction>
      </Directions>
    </AbilityRow>
    <AbilityRow>
      <Index>4</Index>
      <Abilities>
        <Key>FORSEECONTROL3</Key>
        <Key>FORSEECONTROL3</Key>
        <Key>FORSEECONTROL3</Key>
        <Key>FORSEEDURATION</Key>
      </Abilities>
      <AbilitySpan>
        <Span>3</Span>
        <Span>0</Span>
        <Span>0</Span>
        <Span>1</Span>
      </AbilitySpan>
      <Costs>
        <Cost>15</Cost>
        <Cost>0</Cost>
        <Cost>0</Cost>
        <Cost>5</Cost>
      </Costs>
      <Directions>
        <Direction>
          <Up>true</Up>
        </Direction>
        <Direction>
        </Direction>
        <Direction>
          <Up>true</Up>
        </Direction>
        <Direction>
          <Up>true</Up>
        </Direction>
      </Directions>
    </AbilityRow>
  </AbilityRows>
</ForcePower>