<?xml version="1.0"?>
<ForcePower xmlns:xsi="http://www.w3.org/2001/XMLSchema-instance" xmlns:xsd="http://www.w3.org/2001/XMLSchema">
  <Key>SEEK</Key>
  <Name>Seek</Name>
  <Description>    
    [H4]Force Power: Seek[h4]
    Please see page 302 of the Force and Destiny Core Rulebook for details.
  </Description>
  <Source>Force and Destiny Core Rulebook</Source>
  <AbilityRows>
    <AbilityRow>
      <Index>0</Index>
      <Abilities>
        <Key>SEEKBASICPOWER</Key>
        <Key>SEEKBASICPOWER</Key>
        <Key>SEEKBASICPOWER</Key>
        <Key>SEEKBASICPOWER</Key>
      </Abilities>
      <Directions>
        <Direction>
          <Left>false</Left>
          <Right>false</Right>
          <Up>false</Up>
          <Down>true</Down>
        </Direction>
        <Direction>
          <Left>false</Left>
          <Right>false</Right>
          <Up>false</Up>
          <Down>false</Down>
        </Direction>
        <Direction>
          <Left>false</Left>
          <Right>false</Right>
          <Up>false</Up>
          <Down>true</Down>
        </Direction>
        <Direction>
          <Left>false</Left>
          <Right>false</Right>
          <Up>false</Up>
          <Down>false</Down>
        </Direction>
      </Directions>
      <AbilitySpan>
        <Span>4</Span>
        <Span>0</Span>
        <Span>0</Span>
        <Span>0</Span>
      </AbilitySpan>
      <Costs>
        <Cost>10</Cost>
        <Cost>0</Cost>
        <Cost>0</Cost>
        <Cost>0</Cost>
      </Costs>
    </AbilityRow>
    <AbilityRow>
      <Index>0</Index>
      <Abilities>
        <Key>SEEKMAGNITUDE</Key>
        <Key>SEEKMAGNITUDE</Key>
        <Key>SEEKCONTROL1</Key>
        <Key>SEEKCONTROL1</Key>
      </Abilities>
      <Directions>
        <Direction>
          <Left>false</Left>
          <Right>false</Right>
          <Up>true</Up>
          <Down>true</Down>
        </Direction>
        <Direction>
          <Left>false</Left>
          <Right>false</Right>
          <Up>false</Up>
          <Down>false</Down>
        </Direction>
        <Direction>
          <Left>false</Left>
          <Right>false</Right>
          <Up>true</Up>
          <Down>false</Down>
        </Direction>
        <Direction>
          <Left>false</Left>
          <Right>false</Right>
          <Up>false</Up>
          <Down>true</Down>
        </Direction>
      </Directions>
      <AbilitySpan>
        <Span>2</Span>
        <Span>0</Span>
        <Span>2</Span>
        <Span>0</Span>
      </AbilitySpan>
      <Costs>
        <Cost>5</Cost>
        <Cost>0</Cost>
        <Cost>10</Cost>
        <Cost>0</Cost>
      </Costs>
    </AbilityRow>
    <AbilityRow>
      <Index>0</Index>
      <Abilities>
        <Key>SEEKSTRENGTH</Key>
        <Key>SEEKMAGNITUDE</Key>
        <Key>SEEKMAGNITUDE</Key>
        <Key>SEEKMAGNITUDE</Key>
      </Abilities>
      <Directions>
        <Direction>
          <Left>false</Left>
          <Right>false</Right>
          <Up>true</Up>
          <Down>true</Down>
        </Direction>
        <Direction>
          <Left>false</Left>
          <Right>true</Right>
          <Up>false</Up>
          <Down>true</Down>
        </Direction>
        <Direction>
          <Left>true</Left>
          <Right>true</Right>
          <Up>false</Up>
          <Down>false</Down>
        </Direction>
        <Direction>
          <Left>true</Left>
          <Right>false</Right>
          <Up>true</Up>
          <Down>false</Down>
        </Direction>
      </Directions>
      <AbilitySpan>
        <Span>1</Span>
        <Span>2</Span>
        <Span>0</Span>
        <Span>1</Span>
      </AbilitySpan>
      <Costs>
        <Cost>10</Cost>
        <Cost>5</Cost>
        <Cost>0</Cost>
        <Cost>5</Cost>
      </Costs>
    </AbilityRow>
    <AbilityRow>
      <Index>0</Index>
      <Abilities>
        <Key>SEEKCONTROL2</Key>
        <Key>SEEKSTRENGTH</Key>
        <Key>SEEKSTRENGTH</Key>
        <Key>SEEKMAGNITUDE</Key>
      </Abilities>
      <Directions>
        <Direction>
          <Left>false</Left>
          <Right>true</Right>
          <Up>true</Up>
          <Down>true</Down>
        </Direction>
        <Direction>
          <Left>true</Left>
          <Right>true</Right>
          <Up>true</Up>
          <Down>true</Down>
        </Direction>
        <Direction>
          <Left>true</Left>
          <Right>true</Right>
          <Up>false</Up>
          <Down>false</Down>
        </Direction>
        <Direction>
          <Left>true</Left>
          <Right>false</Right>
          <Up>false</Up>
          <Down>true</Down>
        </Direction>
      </Directions>
      <AbilitySpan>
        <Span>1</Span>
        <Span>2</Span>
        <Span>0</Span>
        <Span>1</Span>
      </AbilitySpan>
      <Costs>
        <Cost>15</Cost>
        <Cost>15</Cost>
        <Cost>0</Cost>
        <Cost>15</Cost>
      </Costs>
    </AbilityRow>
    <AbilityRow>
      <Index>0</Index>
      <Abilities>
        <Key>SEEKDURATION</Key>
        <Key>SEEKCONTROL3</Key>
        <Key>SEEKCONTROL3</Key>
        <Key>SEEKMASTERY</Key>
      </Abilities>
      <Directions>
        <Direction>
          <Left>false</Left>
          <Right>false</Right>
          <Up>true</Up>
          <Down>false</Down>
        </Direction>
        <Direction>
          <Left>false</Left>
          <Right>false</Right>
          <Up>true</Up>
          <Down>false</Down>
        </Direction>
        <Direction>
          <Left>false</Left>
          <Right>false</Right>
          <Up>false</Up>
          <Down>false</Down>
        </Direction>
        <Direction>
          <Left>false</Left>
          <Right>false</Right>
          <Up>true</Up>
          <Down>false</Down>
        </Direction>
      </Directions>
      <AbilitySpan>
        <Span>1</Span>
        <Span>2</Span>
        <Span>0</Span>
        <Span>1</Span>
      </AbilitySpan>
      <Costs>
        <Cost>20</Cost>
        <Cost>15</Cost>
        <Cost>0</Cost>
        <Cost>20</Cost>
      </Costs>
    </AbilityRow>
  </AbilityRows>
  <MinForceRating>1</MinForceRating>
</ForcePower>