﻿<?xml version="1.0" encoding="utf-8" ?>
<ForcePower>
  <Key>SENSE</Key>
  <Name>Sense</Name>
  <Description>
    [H4]Force Power: Sense[h4]
    Please see page 279 of the Edge of the Empire Core Rulebook, or page 304 of the Force and Destiny Core Rulebook, for details.
  </Description>
  <Sources>
    <Source>Edge of the Empire Core Rulebook</Source>
    <Source>Force and Destiny Core Rulebook</Source>
  </Sources>
  <MinForceRating>1</MinForceRating>
  <AbilityRows>
    <AbilityRow>
      <Index>0</Index>
      <Abilities>
        <Key>SENSEBASIC</Key>
        <Key>SENSEBASIC</Key>
        <Key>SENSEBASIC</Key>
        <Key>SENSEBASIC</Key>
      </Abilities>
      <AbilitySpan>
        <Span>4</Span>
        <Span>0</Span>
        <Span>0</Span>
        <Span>0</Span>
      </AbilitySpan>
      <Costs>
        <Cost>10</Cost>
        <Cost>0</Cost>
        <Cost>0</Cost>
        <Cost>0</Cost>
      </Costs>
      <Directions>
        <Direction>
          <Down>true</Down>
        </Direction>
        <Direction>
          <Down>true</Down>
        </Direction>
        <Direction>
          <Down>true</Down>
        </Direction>
        <Direction>
          <Down>true</Down>
        </Direction>
      </Directions>
    </AbilityRow>
    <AbilityRow>
      <Index>1</Index>
      <Abilities>
        <Key>SENSECONTROL1</Key>
        <Key>SENSECONTROL1</Key>
        <Key>SENSECONTROL2</Key>
        <Key>SENSECONTROL2</Key>
      </Abilities>
      <AbilitySpan>
        <Span>2</Span>
        <Span>0</Span>
        <Span>2</Span>
        <Span>0</Span>
      </AbilitySpan>
      <Costs>
        <Cost>10</Cost>
        <Cost>0</Cost>
        <Cost>10</Cost>
        <Cost>0</Cost>
      </Costs>
      <Directions>
        <Direction>
          <Down>true</Down>
          <Up>true</Up>
        </Direction>
        <Direction>
          <Down>true</Down>
          <Up>true</Up>
        </Direction>
        <Direction>
          <Down>true</Down>
          <Up>true</Up>
        </Direction>
        <Direction>
          <Down>true</Down>
          <Up>true</Up>
        </Direction>
      </Directions>
    </AbilityRow>
    <AbilityRow>
      <Index>2</Index>
      <Abilities>
        <Key>SENSEDURATION</Key>
        <Key>SENSEDURATION</Key>
        <Key>SENSERANGE</Key>
        <Key>SENSEMAGNITUDE</Key>
      </Abilities>
      <AbilitySpan>
        <Span>2</Span>
        <Span>0</Span>
        <Span>1</Span>
        <Span>1</Span>
      </AbilitySpan>
      <Costs>
        <Cost>10</Cost>
        <Cost>0</Cost>
        <Cost>5</Cost>
        <Cost>5</Cost>
      </Costs>
      <Directions>
        <Direction>
          <Down>true</Down>
          <Up>true</Up>
        </Direction>
        <Direction>
          <Down>true</Down>
          <Up>true</Up>
        </Direction>
        <Direction>
          <Down>true</Down>
          <Up>true</Up>
        </Direction>
        <Direction>
          <Down>true</Down>
          <Up>true</Up>
        </Direction>
      </Directions>
    </AbilityRow>
    <AbilityRow>
      <Index>3</Index>
      <Abilities>
        <Key>SENSESTRENGTH</Key>
        <Key>SENSESTRENGTH</Key>
        <Key>SENSERANGE</Key>
        <Key>SENSEMAGNITUDE</Key>
      </Abilities>
      <AbilitySpan>
        <Span>2</Span>
        <Span>0</Span>
        <Span>1</Span>
        <Span>1</Span>
      </AbilitySpan>
      <Costs>
        <Cost>10</Cost>
        <Cost>0</Cost>
        <Cost>10</Cost>
        <Cost>10</Cost>
      </Costs>
      <Directions>
        <Direction>
          <Down>true</Down>
          <Up>true</Up>
        </Direction>
        <Direction>
          <Down>true</Down>
          <Up>true</Up>
        </Direction>
        <Direction>
          <Down>true</Down>
          <Up>true</Up>
        </Direction>
        <Direction>
          <Down>true</Down>
          <Up>true</Up>
        </Direction>
      </Directions>
    </AbilityRow>
    <AbilityRow>
      <Index>4</Index>
      <Abilities>
        <Key>SENSECONTROL3</Key>
        <Key>SENSECONTROL3</Key>
        <Key>SENSERANGE</Key>
        <Key>SENSEMAGNITUDE</Key>
      </Abilities>
      <AbilitySpan>
        <Span>2</Span>
        <Span>0</Span>
        <Span>1</Span>
        <Span>1</Span>
      </AbilitySpan>
      <Costs>
        <Cost>10</Cost>
        <Cost>0</Cost>
        <Cost>10</Cost>
        <Cost>10</Cost>
      </Costs>
      <Directions>
        <Direction>
          <Up>true</Up>
        </Direction>
        <Direction>
          <Up>true</Up>
        </Direction>
        <Direction>
          <Up>true</Up>
        </Direction>
        <Direction>
          <Up>true</Up>
        </Direction>
      </Directions>
    </AbilityRow>
  </AbilityRows>
</ForcePower>