﻿<?xml version="1.0" encoding="utf-8" ?>

<Characteristics>
  <Characteristic>
    <Key>BR</Key>
    <Name>Brawn</Name>
    <Abbrev>Br</Abbrev>
    <Description>
      [H4]Brawn[h4]
      Please see page 16 of the Core Rulebook for details.
    </Description>
  </Characteristic>
  <Characteristic>
    <Key>AG</Key>
    <Name>Agility</Name>
    <Abbrev>Ag</Abbrev>
    <Description>
      [H4]Agility[h4]
      Please see page 15 of the Core Rulebook for details.
    </Description>
  </Characteristic>
  <Characteristic>
    <Key>INT</Key>
    <Name>Intellect</Name>
    <Abbrev>Int</Abbrev>
    <Description>
      [H4]Intellect[h4]
      Please see page 16 of the Core Rulebook for details.
    </Description>
  </Characteristic>
  <Characteristic>
    <Key>CUN</Key>
    <Name>Cunning</Name>
    <Abbrev>Cun</Abbrev>
    <Description>
      [H4]Cunning[h4]
      Please see page 16 of the Core Rulebook for details.
    </Description>
  </Characteristic>
  <Characteristic>
    <Key>WIL</Key>
    <Name>Willpower</Name>
    <Abbrev>Wil</Abbrev>
    <Description>
      [H4]Willpower[h4]
      Please see page 16 of the Core Rulebook for details.
    </Description>
  </Characteristic>
  <Characteristic>
    <Key>PR</Key>
    <Name>Presence</Name>
    <Abbrev>Pr</Abbrev>
    <Description>
      [H4]Presence[h4]
      Please see page 16 of the Core Rulebook for details.
    </Description>
  </Characteristic>
</Characteristics>


