﻿<?xml version="1.0" encoding="utf-8" ?>
<ForceAbilities>
  <ForceAbility>
    <Key>SENSEBASIC</Key>
    <Name>Sense Basic Power</Name>
    <Description>Please see page 280 of the Edge of the Empire Core Rulebook, or page 304 of the Force and Destiny Core Rulebook, for details.</Description>
    <Sources>
      <Source>Edge of the Empire Core Rulebook</Source>
      <Source>Force and Destiny Core Rulebook</Source>
    </Sources>
    <Power>Sense</Power>
  </ForceAbility>
  <ForceAbility>
    <Key>SENSECONTROL1</Key>
    <Name>Control: Upgrade Difficulty</Name>
    <Description>Please see page 280 of the Edge of the Empire Core Rulebook, or page 304 of the Force and Destiny Core Rulebook, for details.</Description>
    <Sources>
      <Source>Edge of the Empire Core Rulebook</Source>
      <Source>Force and Destiny Core Rulebook</Source>
    </Sources>
    <Power>Sense</Power>
  </ForceAbility>
  <ForceAbility>
    <Key>SENSECONTROL2</Key>
    <Name>Control: Sense Thoughts</Name>
    <Description>Please see page 280 of the Edge of the Empire Core Rulebook, or page 304 of the Force and Destiny Core Rulebook, for details.</Description>
    <Sources>
      <Source>Edge of the Empire Core Rulebook</Source>
      <Source>Force and Destiny Core Rulebook</Source>
    </Sources>
    <Power>Sense</Power>
  </ForceAbility>
  <ForceAbility>
    <Key>SENSEDURATION</Key>
    <Name>Duration</Name>
    <Description>Please see page 280 of the Edge of the Empire Core Rulebook, or page 304 of the Force and Destiny Core Rulebook, for details.</Description>
    <Sources>
      <Source>Edge of the Empire Core Rulebook</Source>
      <Source>Force and Destiny Core Rulebook</Source>
    </Sources>
    <Power>Sense</Power>
  </ForceAbility>
  <ForceAbility>
    <Key>SENSERANGE</Key>
    <Name>Range</Name>
    <Description>Please see page 280 of the Edge of the Empire Core Rulebook, or page 304 of the Force and Destiny Core Rulebook, for details.</Description>
    <Sources>
      <Source>Edge of the Empire Core Rulebook</Source>
      <Source>Force and Destiny Core Rulebook</Source>
    </Sources>
    <Power>Sense</Power>
  </ForceAbility>
  <ForceAbility>
    <Key>SENSEMAGNITUDE</Key>
    <Name>Magnitude</Name>
    <Description>Please see page 280 of the Edge of the Empire Core Rulebook, or page 304 of the Force and Destiny Core Rulebook, for details.</Description>
    <Sources>
      <Source>Edge of the Empire Core Rulebook</Source>
      <Source>Force and Destiny Core Rulebook</Source>
    </Sources>
    <Power>Sense</Power>
  </ForceAbility>
  <ForceAbility>
    <Key>SENSESTRENGTH</Key>
    <Name>Strength</Name>
    <Description>Please see page 280 of the Edge of the Empire Core Rulebook, or page 304 of the Force and Destiny Core Rulebook, for details.</Description>
    <Sources>
      <Source>Edge of the Empire Core Rulebook</Source>
      <Source>Force and Destiny Core Rulebook</Source>
    </Sources>
    <Power>Sense</Power>
  </ForceAbility>
  <ForceAbility>
    <Key>SENSECONTROL3</Key>
    <Name>Control: Upgrade Ability</Name>
    <Description>Please see page 280 of the Edge of the Empire Core Rulebook, or page 304 of the Force and Destiny Core Rulebook, for details.</Description>
    <Sources>
      <Source>Edge of the Empire Core Rulebook</Source>
      <Source>Force and Destiny Core Rulebook</Source>
    </Sources>
  </ForceAbility>

  <ForceAbility>
    <Key>INFLUENCEBASIC</Key>
    <Name>Influence Basic Power</Name>
    <Description>Please see page 282 of the Edge of the Empire Core Rulebook, or page 294 of the Force and Destiny Core Rulebook, for details.</Description>
    <Sources>
      <Source>Edge of the Empire Core Rulebook</Source>
      <Source>Force and Destiny Core Rulebook</Source>
    </Sources>
    <Power>Influence</Power>
  </ForceAbility>
  <ForceAbility>
    <Key>INFLUENCERANGE</Key>
    <Name>Range</Name>
    <Description>Please see page 282 of the Edge of the Empire Core Rulebook, or page 294 of the Force and Destiny Core Rulebook, for details.</Description>
    <Sources>
      <Source>Edge of the Empire Core Rulebook</Source>
      <Source>Force and Destiny Core Rulebook</Source>
    </Sources>
    <Power>Influence</Power>
  </ForceAbility>
  <ForceAbility>
    <Key>INFLUENCEMAGNITUDE</Key>
    <Name>Magnitude</Name>
    <Description>Please see page 282 of the Edge of the Empire Core Rulebook, or page 294 of the Force and Destiny Core Rulebook, for details.</Description>
    <Sources>
      <Source>Edge of the Empire Core Rulebook</Source>
      <Source>Force and Destiny Core Rulebook</Source>
    </Sources>
    <Power>Influence</Power>
  </ForceAbility>
  <ForceAbility>
    <Key>INFLUENCECONTROL1</Key>
    <Name>Control: Emotion/Belief</Name>
    <Description>Please see page 282 of the Edge of the Empire Core Rulebook, or page 294 of the Force and Destiny Core Rulebook, for details.</Description>
    <Sources>
      <Source>Edge of the Empire Core Rulebook</Source>
      <Source>Force and Destiny Core Rulebook</Source>
    </Sources>
    <Power>Influence</Power>
  </ForceAbility>
  <ForceAbility>
    <Key>INFLUENCECONTROL2</Key>
    <Name>Control: Skills</Name>
    <Description>Please see page 282 of the Edge of the Empire Core Rulebook, or page 294 of the Force and Destiny Core Rulebook, for details.</Description>
    <Sources>
      <Source>Edge of the Empire Core Rulebook</Source>
      <Source>Force and Destiny Core Rulebook</Source>
    </Sources>
    <Power>Influence</Power>
    <DieModifiers>
      <DieModifier>
        <SkillKey>COERC</SkillKey>
        <ForceCount>1</ForceCount>
      </DieModifier>
      <DieModifier>
        <SkillKey>CHARM</SkillKey>
        <ForceCount>1</ForceCount>
      </DieModifier>
      <DieModifier>
        <SkillKey>DECEP</SkillKey>
        <ForceCount>1</ForceCount>
      </DieModifier>
      <DieModifier>
        <SkillKey>LEAD</SkillKey>
        <ForceCount>1</ForceCount>
      </DieModifier>
      <DieModifier>
        <SkillKey>NEG</SkillKey>
        <ForceCount>1</ForceCount>
      </DieModifier>
    </DieModifiers>
  </ForceAbility>
  <ForceAbility>
    <Key>INFLUENCESTRENGTH</Key>
    <Name>Strength</Name>
    <Description>Please see page 282 of the Edge of the Empire Core Rulebook, or page 294 of the Force and Destiny Core Rulebook, for details.</Description>
    <Sources>
      <Source>Edge of the Empire Core Rulebook</Source>
      <Source>Force and Destiny Core Rulebook</Source>
    </Sources>
    <Power>Influence</Power>
  </ForceAbility>
  <ForceAbility>
    <Key>INFLUENCEDURATION</Key>
    <Name>Duration</Name>
    <Description>Please see page 282 of the Edge of the Empire Core Rulebook, or page 294 of the Force and Destiny Core Rulebook, for details.</Description>
    <Sources>
      <Source>Edge of the Empire Core Rulebook</Source>
      <Source>Force and Destiny Core Rulebook</Source>
    </Sources>
    <Power>Influence</Power>
  </ForceAbility>


  <ForceAbility>
    <Key>MOVEBASIC</Key>
    <Name>Move Basic Power</Name>
    <Description>Please see page 284 of the Edge of the Empire Core Rulebook, page 296 of the Age of Rebellion Core Rulebook, or page 298 of the Force and Destiny Core Rulebook, for details.</Description>
    <Power>Move</Power>
  </ForceAbility>
  <ForceAbility>
    <Key>MOVEMAGNITUDE</Key>
    <Name>Magnitude</Name>
    <Description>Please see page 284 of the Edge of the Empire Core Rulebook, page 296 of the Age of Rebellion Core Rulebook, or page 298 of the Force and Destiny Core Rulebook, for details.</Description>
    <Power>Move</Power>
  </ForceAbility>
  <ForceAbility>
    <Key>MOVESTRENGTH</Key>
    <Name>Strength</Name>
    <Description>Please see page 284 of the Edge of the Empire Core Rulebook, page 296 of the Age of Rebellion Core Rulebook, or page 298 of the Force and Destiny Core Rulebook, for details.</Description>
    <Power>Move</Power>
  </ForceAbility>
  <ForceAbility>
    <Key>MOVERANGE</Key>
    <Name>Range</Name>
    <Description>Please see page 284 of the Edge of the Empire Core Rulebook, page 296 of the Age of Rebellion Core Rulebook, or page 298 of the Force and Destiny Core Rulebook, for details.</Description>
    <Power>Move</Power>
  </ForceAbility>
  <ForceAbility>
    <Key>MOVECONTROL1</Key>
    <Name>Control: Hurl</Name>
    <Description>Please see page 284 of the Edge of the Empire Core Rulebook, page 296 of the Age of Rebellion Core Rulebook, or page 298 of the Force and Destiny Core Rulebook, for details.</Description>
    <Power>Move</Power>
  </ForceAbility>
  <ForceAbility>
    <Key>MOVECONTROL2</Key>
    <Name>Control: Pull</Name>
    <Description>Please see page 284 of the Edge of the Empire Core Rulebook, page 296 of the Age of Rebellion Core Rulebook, or page 298 of the Force and Destiny Core Rulebook, for details.</Description>
    <Power>Move</Power>
  </ForceAbility>
  <ForceAbility>
    <Key>MOVECONTROL3</Key>
    <Name>Control: Manipulate</Name>
    <Description>Please see page 284 of the Edge of the Empire Core Rulebook, page 296 of the Age of Rebellion Core Rulebook, or page 298 of the Force and Destiny Core Rulebook, for details.</Description>
    <Power>Move</Power>
  </ForceAbility>

  <ForceAbility>
    <Key>FORSEEBASIC</Key>
    <Name>Foresee Basic Power</Name>
    <Description>Please see page 300 of the Age of Rebellion Core Rulebook, or page 290 of the Force and Destiny Core Rulebook, for details.</Description>
    <Sources>
      <Source>Age of Rebellion Core Rulebook</Source>
      <Source>Force and Destiny Core Rulebook</Source>
    </Sources>
    <Power>Forsee</Power>
  </ForceAbility>
  <ForceAbility>
    <Key>FORSEECONTROL1</Key>
    <Name>Control: Initiative (Success)</Name>
    <Description>Please see page 300 of the Age of Rebellion Core Rulebook, or page 290 of the Force and Destiny Core Rulebook, for details.</Description>
    <Sources>
      <Source>Age of Rebellion Core Rulebook</Source>
      <Source>Force and Destiny Core Rulebook</Source>
    </Sources>
    <Power>Forsee</Power>
  </ForceAbility>
  <ForceAbility>
    <Key>FORSEECONTROL2</Key>
    <Name>Control: Defense</Name>
    <Description>Please see page 300 of the Age of Rebellion Core Rulebook, or page 290 of the Force and Destiny Core Rulebook, for details.</Description>
    <Sources>
      <Source>Age of Rebellion Core Rulebook</Source>
      <Source>Force and Destiny Core Rulebook</Source>
    </Sources>
    <Power>Forsee</Power>
  </ForceAbility>
  <ForceAbility>
    <Key>FORSEECONTROL3</Key>
    <Name>Control: Initiative (Maneuver)</Name>
    <Description>Please see page 300 of the Age of Rebellion Core Rulebook, or page 290 of the Force and Destiny Core Rulebook, for details.</Description>
    <Sources>
      <Source>Age of Rebellion Core Rulebook</Source>
      <Source>Force and Destiny Core Rulebook</Source>
    </Sources>
    <Power>Forsee</Power>
  </ForceAbility>
  <ForceAbility>
    <Key>FORSEEDURATION</Key>
    <Name>Duration</Name>
    <Description>Please see page 300 of the Age of Rebellion Core Rulebook, or page 290 of the Force and Destiny Core Rulebook, for details.</Description>
    <Sources>
      <Source>Age of Rebellion Core Rulebook</Source>
      <Source>Force and Destiny Core Rulebook</Source>
    </Sources>
    <Power>Forsee</Power>
  </ForceAbility>
  <ForceAbility>
    <Key>FORSEERANGE</Key>
    <Name>Range</Name>
    <Description>Please see page 300 of the Age of Rebellion Core Rulebook, or page 290 of the Force and Destiny Core Rulebook, for details.</Description>
    <Sources>
      <Source>Age of Rebellion Core Rulebook</Source>
      <Source>Force and Destiny Core Rulebook</Source>
    </Sources>
    <Power>Forsee</Power>
  </ForceAbility>
  <ForceAbility>
    <Key>FORSEEMAGNITUDE</Key>
    <Name>Magnitude</Name>
    <Description>Please see page 300 of the Age of Rebellion Core Rulebook, or page 290 of the Force and Destiny Core Rulebook, for details.</Description>
    <Sources>
      <Source>Age of Rebellion Core Rulebook</Source>
      <Source>Force and Destiny Core Rulebook</Source>
    </Sources>
    <Power>Forsee</Power>
  </ForceAbility>
  <ForceAbility>
    <Key>FORSEESTRENGTH</Key>
    <Name>Strength</Name>
    <Description>Please see page 300 of the Age of Rebellion Core Rulebook, or page 290 of the Force and Destiny Core Rulebook, for details.</Description>
    <Sources>
      <Source>Age of Rebellion Core Rulebook</Source>
      <Source>Force and Destiny Core Rulebook</Source>
    </Sources>
    <Power>Forsee</Power>
  </ForceAbility>
  
  <ForceAbility>
    <Key>ENHANCEBASIC</Key>
    <Name>Enhance Basic Power</Name>
    <Description>Please see page 298 of the Age of Rebellion Core Rulebook, or page 288 of the Force and Destiny Core Rulebook, for details.</Description>
    <Sources>
      <Source>Age of Rebellion Core Rulebook</Source>
      <Source>Force and Destiny Core Rulebook</Source>
    </Sources>
    <Power>Enhance</Power>
    <DieModifiers>
      <DieModifier>
        <SkillKey>ATHL</SkillKey>
        <ForceCount>1</ForceCount>
      </DieModifier>
    </DieModifiers>
  </ForceAbility>
  <ForceAbility>
    <Key>ENHANCERANGE</Key>
    <Name>Range</Name>
    <Description>Please see page 298 of the Age of Rebellion Core Rulebook, or page 288 of the Force and Destiny Core Rulebook, for details.</Description>
    <Sources>
      <Source>Age of Rebellion Core Rulebook</Source>
      <Source>Force and Destiny Core Rulebook</Source>
    </Sources>
    <Power>Enhance</Power>
  </ForceAbility>
  <ForceAbility>
    <Key>ENHANCECONT1</Key>
    <Name>Control: Coordination</Name>
    <Description>Please see page 298 of the Age of Rebellion Core Rulebook, or page 288 of the Force and Destiny Core Rulebook, for details.</Description>
    <Sources>
      <Source>Age of Rebellion Core Rulebook</Source>
      <Source>Force and Destiny Core Rulebook</Source>
    </Sources>
    <Power>Enhance</Power>
    <DieModifiers>
      <DieModifier>
        <SkillKey>COORD</SkillKey>
        <ForceCount>1</ForceCount>
      </DieModifier>
    </DieModifiers>
  </ForceAbility>
  <ForceAbility>
    <Key>ENHANCECONT2</Key>
    <Name>Control: Resilience</Name>
    <Description>Please see page 298 of the Age of Rebellion Core Rulebook, or page 288 of the Force and Destiny Core Rulebook, for details.</Description>
    <Sources>
      <Source>Age of Rebellion Core Rulebook</Source>
      <Source>Force and Destiny Core Rulebook</Source>
    </Sources>
    <Power>Enhance</Power>
    <DieModifiers>
      <DieModifier>
        <SkillKey>RESIL</SkillKey>
        <ForceCount>1</ForceCount>
      </DieModifier>
    </DieModifiers>
  </ForceAbility>
  <ForceAbility>
    <Key>ENHANCECONT3</Key>
    <Name>Control: Force Leap (Horizontal)</Name>
    <Description>Please see page 298 of the Age of Rebellion Core Rulebook, or page 288 of the Force and Destiny Core Rulebook, for details.</Description>
    <Sources>
      <Source>Age of Rebellion Core Rulebook</Source>
      <Source>Force and Destiny Core Rulebook</Source>
    </Sources>
    <Power>Enhance</Power>
  </ForceAbility>
  <ForceAbility>
    <Key>ENHANCECONT4</Key>
    <Name>Control: Piloting - Planetary</Name>
    <Description>Please see page 298 of the Age of Rebellion Core Rulebook, or page 288 of the Force and Destiny Core Rulebook, for details.</Description>
    <Sources>
      <Source>Age of Rebellion Core Rulebook</Source>
      <Source>Force and Destiny Core Rulebook</Source>
    </Sources>
    <Power>Enhance</Power>
    <DieModifiers>
      <DieModifier>
        <SkillKey>PILOTPL</SkillKey>
        <ForceCount>1</ForceCount>
      </DieModifier>
    </DieModifiers>
  </ForceAbility>
  <ForceAbility>
    <Key>ENHANCECONT5</Key>
    <Name>Control: Brawl</Name>
    <Description>Please see page 298 of the Age of Rebellion Core Rulebook, or page 288 of the Force and Destiny Core Rulebook, for details.</Description>
    <Sources>
      <Source>Age of Rebellion Core Rulebook</Source>
      <Source>Force and Destiny Core Rulebook</Source>
    </Sources>
    <Power>Enhance</Power>
    <DieModifiers>
      <DieModifier>
        <SkillKey>BRAWL</SkillKey>
        <ForceCount>1</ForceCount>
      </DieModifier>
    </DieModifiers>
  </ForceAbility>
  <ForceAbility>
    <Key>ENHANCECONT6</Key>
    <Name>Control: Force Leap (Vertical)</Name>
    <Description>Please see page 298 of the Age of Rebellion Core Rulebook, or page 288 of the Force and Destiny Core Rulebook, for details.</Description>
    <Sources>
      <Source>Age of Rebellion Core Rulebook</Source>
      <Source>Force and Destiny Core Rulebook</Source>
    </Sources>
    <Power>Enhance</Power>
  </ForceAbility>
  <ForceAbility>
    <Key>ENHANCECONT7</Key>
    <Name>Control: Piloting - Space</Name>
    <Description>Please see page 298 of the Age of Rebellion Core Rulebook, or page 288 of the Force and Destiny Core Rulebook, for details.</Description>
    <Sources>
      <Source>Age of Rebellion Core Rulebook</Source>
      <Source>Force and Destiny Core Rulebook</Source>
    </Sources>
    <Power>Enhance</Power>
    <DieModifiers>
      <DieModifier>
        <SkillKey>PILOTSP</SkillKey>
        <ForceCount>1</ForceCount>
      </DieModifier>
    </DieModifiers>
  </ForceAbility>
  <ForceAbility>
    <Key>ENHANCECONT8</Key>
    <Name>Control: Brawn</Name>
    <Description>Please see page 298 of the Age of Rebellion Core Rulebook, or page 288 of the Force and Destiny Core Rulebook, for details.</Description>
    <Sources>
      <Source>Age of Rebellion Core Rulebook</Source>
      <Source>Force and Destiny Core Rulebook</Source>
    </Sources>
    <Power>Enhance</Power>
  </ForceAbility>
  <ForceAbility>
    <Key>ENHANCECONT9</Key>
    <Name>Control: Agility</Name>
    <Description>Please see page 298 of the Age of Rebellion Core Rulebook, or page 288 of the Force and Destiny Core Rulebook, for details.</Description>
    <Sources>
      <Source>Age of Rebellion Core Rulebook</Source>
      <Source>Force and Destiny Core Rulebook</Source>
    </Sources>
    <Power>Enhance</Power>
  </ForceAbility>
  <ForceAbility>
    <Key>ENHANCECONT0</Key>
    <Name>Control: Force Leap (Maneuver)</Name>
    <Description>Please see page 298 of the Age of Rebellion Core Rulebook, or page 288 of the Force and Destiny Core Rulebook, for details.</Description>
    <Sources>
      <Source>Age of Rebellion Core Rulebook</Source>
      <Source>Force and Destiny Core Rulebook</Source>
    </Sources>
    <Power>Enhance</Power>
  </ForceAbility>
  <ForceAbility>
    <Key>BATMEDBASIC</Key>
    <Name>Battle Meditation Basic Power</Name>
    <Description>Please see page 284 of the Force and Destiny Core Rulebook for details.</Description>
    <Source>Force and Destiny Core Rulebook</Source>
    <Power />
    <DieModifiers />
  </ForceAbility>
  <ForceAbility>
    <Key>BATMEDMAGNITUDE</Key>
    <Name>Magnitude</Name>
    <Description>Please see page 284 of the Force and Destiny Core Rulebook for details.</Description>
    <Source>Force and Destiny Core Rulebook</Source>
    <Power>Battle Meditation</Power>
    <DieModifiers />
  </ForceAbility>
  <ForceAbility>
    <Key>BATMEDRANGE</Key>
    <Name>Range</Name>
    <Description>Please see page 284 of the Force and Destiny Core Rulebook for details.</Description>
    <Source>Force and Destiny Core Rulebook</Source>
    <Power>Battle Meditation</Power>
    <DieModifiers />
  </ForceAbility>
  <ForceAbility>
    <Key>BATMEDCONTROL1</Key>
    <Name>Control: Orders</Name>
    <Description>Please see page 284 of the Force and Destiny Core Rulebook for details.</Description>
    <Source>Force and Destiny Core Rulebook</Source>
    <Power>Battle Meditation</Power>
    <DieModifiers />
  </ForceAbility>
  <ForceAbility>
    <Key>BATMEDCONTROL2</Key>
    <Name>Control: Planetary Scale</Name>
    <Description>Please see page 284 of the Force and Destiny Core Rulebook for details.</Description>
    <Source>Force and Destiny Core Rulebook</Source>
    <Power>Battle Meditation</Power>
    <DieModifiers />
  </ForceAbility>
  <ForceAbility>
    <Key>BATMEDSTRENGTH</Key>
    <Name>Strength</Name>
    <Description>Please see page 284 of the Force and Destiny Core Rulebook for details.</Description>
    <Source>Force and Destiny Core Rulebook</Source>
    <Power>Battle Meditation</Power>
    <DieModifiers />
  </ForceAbility>
  <ForceAbility>
    <Key>BATMEDDURATION</Key>
    <Name>Duration</Name>
    <Description>Please see page 284 of the Force and Destiny Core Rulebook for details.</Description>
    <Source>Force and Destiny Core Rulebook</Source>
    <Power>Battle Meditation</Power>
    <DieModifiers />
  </ForceAbility>
  <ForceAbility>
    <Key>BATMEDMASTERY</Key>
    <Name>Mastery</Name>
    <Description>Please see page 284 of the Force and Destiny Core Rulebook for details.</Description>
    <Source>Force and Destiny Core Rulebook</Source>
    <Power>Battle Meditation</Power>
    <DieModifiers />
  </ForceAbility>
  <ForceAbility>
    <Key>BINDBASIC</Key>
    <Name>Bind Basic Power</Name>
    <Description>Please see page 286 of the Force and Destiny Core Rulebook for details.</Description>
    <Source>Force and Destiny Core Rulebook</Source>
    <Power />
    <DieModifiers />
  </ForceAbility>
  <ForceAbility>
    <Key>BINDRANGE</Key>
    <Name>Range</Name>
    <Description>Please see page 286 of the Force and Destiny Core Rulebook for details.</Description>
    <Source>Force and Destiny Core Rulebook</Source>
    <Power>Bind</Power>
    <DieModifiers />
  </ForceAbility>
  <ForceAbility>
    <Key>BINDMAGNITUDE</Key>
    <Name>Magnitude</Name>
    <Description>Please see page 286 of the Force and Destiny Core Rulebook for details.</Description>
    <Source>Force and Destiny Core Rulebook</Source>
    <Power>Bind</Power>
    <DieModifiers />
  </ForceAbility>
  <ForceAbility>
    <Key>BINDSTRENGTH</Key>
    <Name>Strength</Name>
    <Description>Please see page 286 of the Force and Destiny Core Rulebook for details.</Description>
    <Source>Force and Destiny Core Rulebook</Source>
    <Power>Bind</Power>
    <DieModifiers />
  </ForceAbility>
  <ForceAbility>
    <Key>BINDCONTROL1</Key>
    <Name>Control: Strain</Name>
    <Description>Please see page 286 of the Force and Destiny Core Rulebook for details.</Description>
    <Source>Force and Destiny Core Rulebook</Source>
    <Power>Bind</Power>
    <DieModifiers />
  </ForceAbility>
  <ForceAbility>
    <Key>BINDDURATION</Key>
    <Name>Duration</Name>
    <Description>Please see page 286 of the Force and Destiny Core Rulebook for details.</Description>
    <Source>Force and Destiny Core Rulebook</Source>
    <Power>Bind</Power>
    <DieModifiers />
  </ForceAbility>
  <ForceAbility>
    <Key>BINDCONTROL2</Key>
    <Name>Control: Move</Name>
    <Description>Please see page 286 of the Force and Destiny Core Rulebook for details.</Description>
    <Source>Force and Destiny Core Rulebook</Source>
    <Power>Bind</Power>
    <DieModifiers />
  </ForceAbility>
  <ForceAbility>
    <Key>BINDMASTERY</Key>
    <Name>Mastery</Name>
    <Description>Please see page 286 of the Force and Destiny Core Rulebook for details.</Description>
    <Source>Force and Destiny Core Rulebook</Source>
    <Power>Bind</Power>
    <DieModifiers />
  </ForceAbility>
  <ForceAbility>
    <Key>HEALHARMBASIC</Key>
    <Name>Heal/Harm Basic Power</Name>
    <Description>Please see page 292 of the Force and Destiny Core Rulebook for details.</Description>
    <Source>Force and Destiny Core Rulebook</Source>
    <Power>Heal/Harm</Power>
    <DieModifiers />
  </ForceAbility>
  <ForceAbility>
    <Key>HEALHARMRANGE</Key>
    <Name>Range</Name>
    <Description>Please see page 292 of the Force and Destiny Core Rulebook for details.</Description>
    <Source>Force and Destiny Core Rulebook</Source>
    <Power>Heal/Harm</Power>
    <DieModifiers />
  </ForceAbility>
  <ForceAbility>
    <Key>HEALHARMMAGNITUDE</Key>
    <Name>Magnitude</Name>
    <Description>Please see page 292 of the Force and Destiny Core Rulebook for details.</Description>
    <Source>Force and Destiny Core Rulebook</Source>
    <Power>Heal/Harm</Power>
    <DieModifiers />
  </ForceAbility>
  <ForceAbility>
    <Key>HEALHARMCONTROL1</Key>
    <Name>Control: Medicine</Name>
    <Description>Please see page 292 of the Force and Destiny Core Rulebook for details.</Description>
    <Source>Force and Destiny Core Rulebook</Source>
    <Power>Heal/Harm</Power>
    <DieModifiers />
  </ForceAbility>
  <ForceAbility>
    <Key>HEALHARMCONTROL2</Key>
    <Name>Control: Strain</Name>
    <Description>Please see page 292 of the Force and Destiny Core Rulebook for details.</Description>
    <Source>Force and Destiny Core Rulebook</Source>
    <Power>Heal/Harm</Power>
    <DieModifiers />
  </ForceAbility>
  <ForceAbility>
    <Key>HEALHARMSTRENGTH</Key>
    <Name>Strength</Name>
    <Description>Please see page 292 of the Force and Destiny Core Rulebook for details.</Description>
    <Source>Force and Destiny Core Rulebook</Source>
    <Power>Heal/Harm</Power>
    <DieModifiers />
  </ForceAbility>
  <ForceAbility>
    <Key>HEALHARMCONTROL3</Key>
    <Name>Control: Status</Name>
    <Description>Please see page 292 of the Force and Destiny Core Rulebook for details.</Description>
    <Source>Force and Destiny Core Rulebook</Source>
    <Power>Heal/Harm</Power>
    <DieModifiers />
  </ForceAbility>
  <ForceAbility>
    <Key>HEALHARMCONTROL4</Key>
    <Name>Control: Critical</Name>
    <Description>Please see page 292 of the Force and Destiny Core Rulebook for details.</Description>
    <Source>Force and Destiny Core Rulebook</Source>
    <Power>Heal/Harm</Power>
    <DieModifiers />
  </ForceAbility>
  <ForceAbility>
    <Key>HEALHARMMASTERY</Key>
    <Name>Mastery</Name>
    <Description>Please see page 292 of the Force and Destiny Core Rulebook for details.</Description>
    <Source>Force and Destiny Core Rulebook</Source>
    <Power>Heal/Harm</Power>
    <DieModifiers />
  </ForceAbility>
  <ForceAbility>
    <Key>MISDIRBASIC</Key>
    <Name>Misdirect Basic Power</Name>
    <Description>Please see page 296 of the Force and Destiny Core Rulebook for details.</Description>
    <Source>Force and Destiny Core Rulebook</Source>
    <Power>Misdirect</Power>
    <DieModifiers />
  </ForceAbility>
  <ForceAbility>
    <Key>MISDIRRANGE</Key>
    <Name>Range</Name>
    <Description>Please see page 296 of the Force and Destiny Core Rulebook for details.</Description>
    <Source>Force and Destiny Core Rulebook</Source>
    <Power>Misdirect</Power>
    <DieModifiers />
  </ForceAbility>
  <ForceAbility>
    <Key>MISDIRDURATION</Key>
    <Name>Duration</Name>
    <Description>Please see page 296 of the Force and Destiny Core Rulebook for details.</Description>
    <Source>Force and Destiny Core Rulebook</Source>
    <Power>Misdirect</Power>
    <DieModifiers />
  </ForceAbility>
  <ForceAbility>
    <Key>MISDIRSTRENGTH</Key>
    <Name>Strength</Name>
    <Description>Please see page 296 of the Force and Destiny Core Rulebook for details.</Description>
    <Source>Force and Destiny Core Rulebook</Source>
    <Power>Misdirect</Power>
    <DieModifiers />
  </ForceAbility>
  <ForceAbility>
    <Key>MISDIRCONTROL1</Key>
    <Name>Control: Appearance</Name>
    <Description>Please see page 296 of the Force and Destiny Core Rulebook for details.</Description>
    <Source>Force and Destiny Core Rulebook</Source>
    <Power>Misdirect</Power>
    <DieModifiers />
  </ForceAbility>
  <ForceAbility>
    <Key>MISDIRMAGNITUDE</Key>
    <Name>Magnitude</Name>
    <Description>Please see page 296 of the Force and Destiny Core Rulebook for details.</Description>
    <Source>Force and Destiny Core Rulebook</Source>
    <Power>Misdirect</Power>
    <DieModifiers />
  </ForceAbility>
  <ForceAbility>
    <Key>MISDIRCONTROL2</Key>
    <Name>Control: Illusion</Name>
    <Description>Please see page 296 of the Force and Destiny Core Rulebook for details.</Description>
    <Source>Force and Destiny Core Rulebook</Source>
    <Power>Misdirect</Power>
    <DieModifiers />
  </ForceAbility>
  <ForceAbility>
    <Key>MISDIRCONTROL3</Key>
    <Name>Control: Combat</Name>
    <Description>Please see page 296 of the Force and Destiny Core Rulebook for details.</Description>
    <Source>Force and Destiny Core Rulebook</Source>
    <Power>Misdirect</Power>
    <DieModifiers />
  </ForceAbility>
  <ForceAbility>
    <Key>MISDIRMASTERY</Key>
    <Name>Mastery</Name>
    <Description>Please see page 296 of the Force and Destiny Core Rulebook for details.</Description>
    <Source>Force and Destiny Core Rulebook</Source>
    <Power>Misdirect</Power>
    <DieModifiers />
  </ForceAbility>
  <ForceAbility>
    <Key>PROTUNLBASICPOWER</Key>
    <Name>Protect/Unleash Basic Power</Name>
    <Description>Please see page 300 of the Force and Destiny Core Rulebook for details.</Description>
    <Source>Force and Destiny Core Rulebook</Source>
    <Power>Protect/Unleash</Power>
    <DieModifiers />
  </ForceAbility>
  <ForceAbility>
    <Key>PROTUNLRANGE</Key>
    <Name>Range</Name>
    <Description>Please see page 300 of the Force and Destiny Core Rulebook for details.</Description>
    <Source>Force and Destiny Core Rulebook</Source>
    <Power>Protect/Unleash</Power>
    <DieModifiers />
  </ForceAbility>
  <ForceAbility>
    <Key>PROTUNLMAGNITUDE</Key>
    <Name>Magnitude</Name>
    <Description>Please see page 300 of the Force and Destiny Core Rulebook for details.</Description>
    <Source>Force and Destiny Core Rulebook</Source>
    <Power>Protect/Unleash</Power>
    <DieModifiers />
  </ForceAbility>
  <ForceAbility>
    <Key>PROTUNLSTRENGTH</Key>
    <Name>Strength</Name>
    <Description>Please see page 300 of the Force and Destiny Core Rulebook for details.</Description>
    <Source>Force and Destiny Core Rulebook</Source>
    <Power>Protect/Unleash</Power>
    <DieModifiers />
  </ForceAbility>
  <ForceAbility>
    <Key>PROTUNLCONTROL1</Key>
    <Name>Control: Defense/Strain</Name>
    <Description>Please see page 300 of the Force and Destiny Core Rulebook for details.</Description>
    <Source>Force and Destiny Core Rulebook</Source>
    <Power>Protect/Unleash</Power>
    <DieModifiers />
  </ForceAbility>
  <ForceAbility>
    <Key>PROTUNLCONTROL2</Key>
    <Name>Control: All Attacks/Ensnare</Name>
    <Description>Please see page 300 of the Force and Destiny Core Rulebook for details.</Description>
    <Source>Force and Destiny Core Rulebook</Source>
    <Power>Protect/Unleash</Power>
    <DieModifiers />
  </ForceAbility>
  <ForceAbility>
    <Key>PROTUNLDURATION</Key>
    <Name>Duration</Name>
    <Description>Please see page 300 of the Force and Destiny Core Rulebook for details.</Description>
    <Source>Force and Destiny Core Rulebook</Source>
    <Power>Protect/Unleash</Power>
    <DieModifiers />
  </ForceAbility>
  <ForceAbility>
    <Key>PROTUNLCONTROL3</Key>
    <Name>Control: Incidental/Maneuver</Name>
    <Description>Please see page 300 of the Force and Destiny Core Rulebook for details.</Description>
    <Source>Force and Destiny Core Rulebook</Source>
    <Power>Protect/Unleash</Power>
    <DieModifiers />
  </ForceAbility>
  <ForceAbility>
    <Key>PROTUNLMASTERY</Key>
    <Name>Mastery</Name>
    <Description>Please see page 300 of the Force and Destiny Core Rulebook for details.</Description>
    <Source>Force and Destiny Core Rulebook</Source>
    <Power>Protect/Unleash</Power>
    <DieModifiers />
  </ForceAbility>
  <ForceAbility>
    <Key>SEEKBASICPOWER</Key>
    <Name>Seek Basic Power</Name>
    <Description>Please see page 302 of the Force and Destiny Core Rulebook for details.</Description>
    <Source>Force and Destiny Core Rulebook</Source>
    <Power>Seek</Power>
    <DieModifiers />
  </ForceAbility>
  <ForceAbility>
    <Key>SEEKMAGNITUDE</Key>
    <Name>Magnitude</Name>
    <Description>Please see page 302 of the Force and Destiny Core Rulebook for details.</Description>
    <Source>Force and Destiny Core Rulebook</Source>
    <Power>Seek</Power>
    <DieModifiers />
  </ForceAbility>
  <ForceAbility>
    <Key>SEEKCONTROL1</Key>
    <Name>Control: Skills</Name>
    <Description>Please see page 302 of the Force and Destiny Core Rulebook for details.</Description>
    <Source>Force and Destiny Core Rulebook</Source>
    <Power>Seek</Power>
    <DieModifiers />
  </ForceAbility>
  <ForceAbility>
    <Key>SEEKSTRENGTH</Key>
    <Name>Strength</Name>
    <Description>Please see page 302 of the Force and Destiny Core Rulebook for details.</Description>
    <Source>Force and Destiny Core Rulebook</Source>
    <Power>Seek</Power>
    <DieModifiers />
  </ForceAbility>
  <ForceAbility>
    <Key>SEEKCONTROL2</Key>
    <Name>Control: Target</Name>
    <Description>Please see page 302 of the Force and Destiny Core Rulebook for details.</Description>
    <Source>Force and Destiny Core Rulebook</Source>
    <Power>Seek</Power>
    <DieModifiers />
  </ForceAbility>
  <ForceAbility>
    <Key>SEEKDURATION</Key>
    <Name>Duration</Name>
    <Description>Please see page 302 of the Force and Destiny Core Rulebook for details.</Description>
    <Source>Force and Destiny Core Rulebook</Source>
    <Power>Seek</Power>
    <DieModifiers />
  </ForceAbility>
  <ForceAbility>
    <Key>SEEKCONTROL3</Key>
    <Name>Control: Pierce</Name>
    <Description>Please see page 302 of the Force and Destiny Core Rulebook for details.</Description>
    <Source>Force and Destiny Core Rulebook</Source>
    <Power>Seek</Power>
    <DieModifiers />
  </ForceAbility>
  <ForceAbility>
    <Key>SEEKMASTERY</Key>
    <Name>Mastery</Name>
    <Description>Please see page 302 of the Force and Destiny Core Rulebook for details.</Description>
    <Source>Force and Destiny Core Rulebook</Source>
    <Power>Seek</Power>
    <DieModifiers />
  </ForceAbility>
</ForceAbilities>