﻿<?xml version="1.0" encoding="utf-8" ?>
<Hooks>
  <Hook>
    <Key>OPP</Key>
    <Name>Opportunity Knocks</Name>
    <Description>
      [H4]Opportunity Knocks[h4]
      Please see page 37 of the Edge of the Empire Core Rulebook for details.
    </Description>
    <Sources>
      <Source>Edge of the Empire Core Rulebook</Source>
    </Sources>
  </Hook>
  <Hook>
    <Key>HIGH</Key>
    <Name>A Higher Calling</Name>
    <Description>
      [H4]A Higher Calling[h4]
      Please see page 37 of the Edge of the Empire Core Rulebook for details.
    </Description>
    <Sources>
      <Source>Edge of the Empire Core Rulebook</Source>
    </Sources>
  </Hook>
  <Hook>
    <Key>ENEMIES</Key>
    <Name>Enemies and Antagonists</Name>
    <Description>
      [H4]Enemies and Antagonists[h4]
      Please see page 38 of the Edge of the Empire Core Rulebook for details.
    </Description>
    <Sources>
      <Source>Edge of the Empire Core Rulebook</Source>
    </Sources>
  </Hook>
  <Hook>
    <Key>FLAW</Key>
    <Name>A Failure of Character</Name>
    <Description>
      [H4]A Failure of Character[h4]
      Please see page 38 of the Edge of the Empire Core Rulebook for details.
    </Description>
    <Sources>
      <Source>Edge of the Empire Core Rulebook</Source>
    </Sources>
  </Hook>
  <Hook>
    <Key>WRONG</Key>
    <Name>Wrong Place, Wrong Time</Name>
    <Description>
      [H4]Wrong Place, Wrong Time[h4]
      Please see page 38 of the Edge of the Empire Core Rulebook for details.
    </Description>
    <Sources>
      <Source>Edge of the Empire Core Rulebook</Source>
    </Sources>
  </Hook>
  <Hook>
    <Key>NEWREC</Key>
    <Name>The New Recruit</Name>
    <Description>
      [H4]The New Recruit[h4]
      Please see page 44 of the Age of Rebellion Core Rulebook for details.
    </Description>
    <Source>Age of Rebellion Core Rulebook</Source>
  </Hook>
  <Hook>
    <Key>SEARCHINS</Key>
    <Name>The Searching Insurgent</Name>
    <Description>
      [H4]The Searching Insurgent[h4]
      Please see page 45 of the Age of Rebellion Core Rulebook for details.
    </Description>
    <Source>Age of Rebellion Core Rulebook</Source>
  </Hook>
  <Hook>
    <Key>ACCREB</Key>
    <Name>The Accidental Rebel</Name>
    <Description>
      [H4]The Accidental Rebel[h4]
      Please see page 45 of the Age of Rebellion Core Rulebook for details.
    </Description>
    <Source>Age of Rebellion Core Rulebook</Source>
  </Hook>

  <Hook>
    <Key>FLEEEMP</Key>
    <Name>Fleeing the Empire</Name>
    <Description>
      [H4]Fleeing the Empire[h4]
      Please see page 47 of the Force and Destiny Core Rulebook for details.
    </Description>
    <Source>Force and Destiny Core Rulebook</Source>
  </Hook>
  <Hook>
    <Key>DESUND</Key>
    <Name>Desire for Understanding</Name>
    <Description>
      [H4]Desire for Understanding[h4]
      Please see page 47 of the Force and Destiny Core Rulebook for details.
    </Description>
    <Source>Force and Destiny Core Rulebook</Source>
  </Hook>
  <Hook>
    <Key>GREATPOW</Key>
    <Name>With Great Power...</Name>
    <Description>
      [H4]With Great Power...[h4]
      Please see page 47 of the Force and Destiny Core Rulebook for details.
    </Description>
    <Source>Force and Destiny Core Rulebook</Source>
  </Hook>
  <Hook>
    <Key>ULTAB</Key>
    <Name>Ultimate Abilities</Name>
    <Description>
      [H4]Ultimate Abilities[h4]
      Please see page 47 of the Force and Destiny Core Rulebook for details.
    </Description>
    <Source>Force and Destiny Core Rulebook</Source>
  </Hook>




  <Hook>
    <Key>ACADEMIC</Key>
    <Name>Academic</Name>
    <Description>
      [H4]Academic[h4]
      Please see page 13 of Enter the Unknown Sourcebook for details.
    </Description>
    <Source>Enter the Unknown</Source>
  </Hook>
  <Hook>
    <Key>CRIMINAL</Key>
    <Name>Criminal</Name>
    <Description>
      [H4]Criminal[h4]
      Please see page 13 of Enter the Unknown Sourcebook, or page 17 of the Stay on Target Sourcebook, for details.
    </Description>
    <Sources>
      <Source>Enter the Unknown</Source>
      <Source>Stay on Target</Source>
    </Sources>
  </Hook>
  <Hook>
    <Key>ENTREPRENEUR</Key>
    <Name>Entrepreneur</Name>
    <Description>
      [H4]Entrepreneur[h4]
      Please see page 15 of Enter the Unknown Sourcebook for details.
    </Description>
    <Source>Enter the Unknown</Source>
  </Hook>
  <Hook>
    <Key>EXIMP</Key>
    <Name>Ex-Imperial Operator</Name>
    <Description>
      [H4]Ex-Imperial Operator[h4]
      Please see page 16 of Enter the Unknown Sourcebook for details.
    </Description>
    <Source>Enter the Unknown</Source>
  </Hook>
  <Hook>
    <Key>FALLENNOBLE</Key>
    <Name>Fallen Noble</Name>
    <Description>
      [H4]Fallen Noble[h4]
      Please see page 16 of Enter the Unknown Sourcebook for details.
    </Description>
    <Source>Enter the Unknown</Source>
  </Hook>
  <Hook>
    <Key>WANDERER</Key>
    <Name>Wanderer</Name>
    <Description>
      [H4]Wanderer[h4]
      Please see page 18 of Enter the Unknown Sourcebook for details.
    </Description>
    <Source>Enter the Unknown</Source>
  </Hook>
  <Hook>
    <Key>YESTERDAYSHERO</Key>
    <Name>Yesterday's Hero</Name>
    <Description>
      [H4]Yesterday's Hero[h4]
      Please see page 13 of Dangerous Covenants Sourcebook for details.
    </Description>
    <Source>Dangerous Covenants</Source>
  </Hook>
  <Hook>
    <Key>EXMILITARY</Key>
    <Name>Ex-Military</Name>
    <Description>
      [H4]Ex-Military[h4]
      Please see page 13 of Dangerous Covenants Sourcebook, or page 14 of the Fly Casual Sourcebook, for details.
    </Description>
    <Sources>
      <Source>Dangerous Covenants</Source>
      <Source>Fly Casual</Source>
    </Sources>
  </Hook>
  <Hook>
    <Key>AVENGER</Key>
    <Name>The Avenger</Name>
    <Description>
      [H4]The Avenger[h4]
      Please see page 14 of Dangerous Covenants Sourcebook for details.
    </Description>
    <Source>Dangerous Covenants</Source>
  </Hook>
  <Hook>
    <Key>SCIONOFALEGACY</Key>
    <Name>Scion of a Legacy</Name>
    <Description>
      [H4]Scion of a Legacy[h4]
      Please see page 15 of Dangerous Covenants Sourcebook for details.
    </Description>
    <Source>Dangerous Covenants</Source>
  </Hook>
  <Hook>
    <Key>PEACETURNEDTOWAR</Key>
    <Name>Peace Turned To War</Name>
    <Description>
      [H4]Peace Turned To War[h4]
      Please see page 15 of Dangerous Covenants Sourcebook for details.
    </Description>
    <Source>Dangerous Covenants</Source>
  </Hook>
  <Hook>
    <Key>OPPOR</Key>
    <Name>The Opportunist</Name>
    <Description>
      [H4]The Opportunist[h4]
      Please see page 11 of the Far Horizons Sourcebook for details.
    </Description>
    <Source>Far Horizons</Source>
  </Hook>
  <Hook>
    <Key>GRIZZ</Key>
    <Name>The Grizzled Settler</Name>
    <Description>
      [H4]The Grizzled Settler[h4]
      Please see page 12 of the Far Horizons Sourcebook for details.
    </Description>
    <Source>Far Horizons</Source>
  </Hook>
  <Hook>
    <Key>FUGITIVE</Key>
    <Name>The Fugitive</Name>
    <Description>
      [H4]The Fugitive[h4]
      Please see page 13 of the Far Horizons Sourcebook for details.
    </Description>
    <Source>Far Horizons</Source>
  </Hook>
  <Hook>
    <Key>LOCLEAD</Key>
    <Name>The Local Leader</Name>
    <Description>
      [H4]The Local Leader[h4]
      Please see page 14 of the Far Horizons Sourcebook for details.
    </Description>
    <Source>Far Horizons</Source>
  </Hook>
  <Hook>
    <Key>IDEALIST</Key>
    <Name>The Idealist</Name>
    <Description>
      [H4]The Idealist[h4]
      Please see page 15 of the Far Horizons Sourcebook for details.
    </Description>
    <Source>Far Horizons</Source>
  </Hook>
  <Hook>
    <Key>SOTENTERTAINER</Key>
    <Name>Entertainer</Name>
    <Description>
      [H4]Entertainer[h4]
      Please see page 13 of the Stay on Target Sourcebook for details.
    </Description>
    <Source>Stay on Target</Source>
  </Hook>
  <Hook>
    <Key>SOTPROTOTYPE</Key>
    <Name>Prototype Tester</Name>
    <Description>
      [H4]Prototype Tester[h4]
      Please see page 14 of the Stay on Target Sourcebook for details.
    </Description>
    <Source>Stay on Target</Source>
  </Hook>
  <Hook>
    <Key>SOTBUSH</Key>
    <Name>Bush Pilot</Name>
    <Description>
      [H4]Bush Pilot[h4]
      Please see page 14 of the Stay on Target Sourcebook for details.
    </Description>
    <Source>Stay on Target</Source>
  </Hook>
  <Hook>
    <Key>SOTCLONEWARS</Key>
    <Name>Clone Wars Veteran</Name>
    <Description>
      [H4]Clone Wars Veteran[h4]
      Please see page 15 of the Stay on Target Sourcebook for details.
    </Description>
    <Source>Stay on Target</Source>
  </Hook>
  <Hook>
    <Key>SOTIMPDEF</Key>
    <Name>Imperial Defector</Name>
    <Description>
      [H4]Imperial Defector[h4]
      Please see page 16 of the Stay on Target Sourcebook for details.
    </Description>
    <Source>Stay on Target</Source>
  </Hook>

  <Hook>
    <Key>DISADV</Key>
    <Name>Disadvantaged</Name>
    <Description>
      [H4]Disadvantaged[h4]
      Please see page 13 of the Fly Casual Sourcebook for details.
    </Description>
    <Source>Fly Casual</Source>
  </Hook>
  <Hook>
    <Key>PRIV</Key>
    <Name>Privileged</Name>
    <Description>
      [H4]Privileged[h4]
      Please see page 13 of the Fly Casual Sourcebook for details.
    </Description>
    <Source>Fly Casual</Source>
  </Hook>
  <Hook>
    <Key>RESPECT</Key>
    <Name>Respectable</Name>
    <Description>
      [H4]Respectable[h4]
      Please see page 14 of the Fly Casual Sourcebook for details.
    </Description>
    <Source>Fly Casual</Source>
  </Hook>
  <Hook>
    <Key>CYNIC</Key>
    <Name>Cynical</Name>
    <Description>
      [H4]Cynical[h4]
      Please see page 14 of the Fly Casual Sourcebook for details.
    </Description>
    <Source>Fly Casual</Source>
  </Hook>
  <Hook>
    <Key>BORNNBRED</Key>
    <Name>Born and Bred</Name>
    <Description>
      [H4]Born and Bred[h4]
      Please see page 15 of the Fly Casual Sourcebook for details.
    </Description>
    <Source>Fly Casual</Source>
  </Hook>
  <Hook>
    <Key>IMPOUT</Key>
    <Name>Imperial Outcast</Name>
    <Description>
      [H4]Imperial Outcast[h4]
      Please see page 12 of the Desperate Allies Sourcebook for details.
    </Description>
    <Source>Desperate Allies</Source>
  </Hook>
  <Hook>
    <Key>MINVOICE</Key>
    <Name>Minority Voice</Name>
    <Description>
      [H4]Minority Voice[h4]
      Please see page 13 of the Desperate Allies Sourcebook for details.
    </Description>
    <Source>Desperate Allies</Source>
  </Hook>
  <Hook>
    <Key>INDUST</Key>
    <Name>Industrialist</Name>
    <Description>
      [H4]Industrialist[h4]
      Please see page 14 of the Desperate Allies Sourcebook for details.
    </Description>
    <Source>Desperate Allies</Source>
  </Hook>
  <Hook>
    <Key>DISSART</Key>
    <Name>Dissident Artist</Name>
    <Description>
      [H4]Dissident Artist[h4]
      Please see page 15 of the Desperate Allies Sourcebook for details.
    </Description>
    <Source>Desperate Allies</Source>
  </Hook>



</Hooks>