﻿<?xml version="1.0" encoding="utf-8" ?>
<ItemDescriptors>
  <ItemDescriptor>
    <Key>DAMADD</Key>
    <Name>Additional Damage Mod</Name>
    <Description></Description>
    <Type>Weapon</Type>
    <ModDesc>Damage +1</ModDesc>
    <QualDesc>Damage +{0}</QualDesc>
  </ItemDescriptor>
  <ItemDescriptor>
    <Key>DAMSUB</Key>
    <Name>Reduced Damage Mod</Name>
    <Description></Description>
    <Type>Weapon</Type>
    <ModDesc>Damage -1</ModDesc>
    <QualDesc>Damage -{0}</QualDesc>
  </ItemDescriptor>
  <ItemDescriptor>
    <Key>DAMSET</Key>
    <Name>Base Damage Mod</Name>
    <Description></Description>
    <Type>Weapon</Type>
    <ModDesc>Changes Base Damage</ModDesc>
    <QualDesc>Changes Base Damage to {0}</QualDesc>
    <IsBase>true</IsBase>
  </ItemDescriptor>
  <ItemDescriptor>
    <Key>RESDOSE</Key>
    <Name>Increase doses by 1 Mod</Name>
    <Description></Description>
    <Type>Weapon</Type>
    <ModDesc>Increase doses by 1</ModDesc>
    <QualDesc>Increase doses by {0}</QualDesc>
  </ItemDescriptor>





  <ItemDescriptor>
    <Key>ADVADD</Key>
    <Name>Add Advantage to Successful Check Mod</Name>
    <Description></Description>
    <Type>Weapon</Type>
    <ModDesc>Add One [ADVANTAGE] to Successful Check</ModDesc>
    <QualDesc>Add {0} [ADVANTAGE] to Successful Check</QualDesc>
  </ItemDescriptor>
  <ItemDescriptor>
    <Key>THRADD</Key>
    <Name>Add Threat to Check Mod</Name>
    <Description></Description>
    <Type>Weapon</Type>
    <ModDesc>Add One [THREAT] to Check</ModDesc>
    <QualDesc>Add {0} [THREAT] to Check</QualDesc>
  </ItemDescriptor>
  <ItemDescriptor>
    <Key>ADVADDINIT</Key>
    <Name>Add Advantage to Initiative Check Mod</Name>
    <Description></Description>
    <Type></Type>
    <ModDesc>Add One [ADVANTAGE] to Initiative Check</ModDesc>
    <QualDesc>Add {0} [ADVANTAGE] to Initiative Check</QualDesc>
  </ItemDescriptor>







  <ItemDescriptor>
    <Key>CRITSET</Key>
    <Name>Base Critical Rating Mod</Name>
    <Description>Changes Critical Rating</Description>
    <Type>Weapon</Type>
    <ModDesc>Changes Base Critical Rating</ModDesc>
    <QualDesc>Changes Base Critical Rating to {0}</QualDesc>
    <IsBase>true</IsBase>
  </ItemDescriptor>
  <ItemDescriptor>
    <Key>STRAINADD</Key>
    <Name>Additional Strain Mod</Name>
    <Description></Description>
    <Type></Type>
    <ModDesc>Increases user's strain by one</ModDesc>
    <QualDesc>Increases user's strain by {0}</QualDesc>
  </ItemDescriptor>
  <ItemDescriptor>
    <Key>RANGEADD</Key>
    <Name>Additional Range Mod</Name>
    <Description></Description>
    <Type>Weapon</Type>
    <ModDesc>Increases weapon's range by one Range Band</ModDesc>
    <QualDesc>Increases weapon's range by {0} Range Band(s)</QualDesc>
  </ItemDescriptor>
  <ItemDescriptor>
    <Key>RANGESUB</Key>
    <Name>Reduced Range Mod</Name>
    <Description></Description>
    <Type>Weapon</Type>
    <ModDesc>Decreases weapon's range by one Range Band</ModDesc>
    <QualDesc>Decreases weapon's range by {0} Range Band(s)</QualDesc>
  </ItemDescriptor>
  <ItemDescriptor>
    <Key>ENCSUB</Key>
    <Name>Decreases Encumbrance Mod</Name>
    <Description></Description>
    <ModDesc>Decrease Encumbrance by 1</ModDesc>
    <QualDesc>Decrease Encumbrance by {0}</QualDesc>
  </ItemDescriptor>
  <ItemDescriptor>
    <Key>ENCSUB2</Key>
    <Name>Decreases Encumbrance by 2 Mod</Name>
    <Description></Description>
    <ModDesc>Decrease Encumbrance by 2</ModDesc>
    <QualDesc>Decrease Encumbrance by 2</QualDesc>
  </ItemDescriptor>
  <ItemDescriptor>
    <Key>ENCADD</Key>
    <Name>Increases Encumbrance Mod</Name>
    <Description></Description>
    <ModDesc>Increase Encumbrance by 1</ModDesc>
    <QualDesc>Increase Encumbrance by {0}</QualDesc>
  </ItemDescriptor>
  <ItemDescriptor>
    <Key>ENCTADD</Key>
    <Name>Increases Encumbrance Threshold Mod</Name>
    <Description></Description>
    <ModDesc>Increase Encumbrance Threshold by 1</ModDesc>
    <QualDesc>Increase Encumbrance Threshold by {0}</QualDesc>
  </ItemDescriptor>
  <ItemDescriptor>
    <Key>ENCTSUB</Key>
    <Name>Decreases Encumbrance Threshold Mod</Name>
    <Description></Description>
    <ModDesc>Decrease Encumbrance Threshold by 1</ModDesc>
    <QualDesc>Decrease Encumbrance Threshold by {0}</QualDesc>
  </ItemDescriptor>
  <ItemDescriptor>
    <Key>CRITSUB</Key>
    <Name>Decrease Critical Mod</Name>
    <Description>Decreases the weapon's Crit Rating by 1 to a minimum of 1</Description>
    <Type>Weapon</Type>
    <ModDesc>Decreases Critical by 1</ModDesc>
    <QualDesc>Decreases Critical by {0}</QualDesc>
  </ItemDescriptor>
  <ItemDescriptor>
    <Key>SOAKADD</Key>
    <Name>Increase Soak Mod</Name>
    <Description>
      Increases Soak value by 1
    </Description>
    <Type>Armor</Type>
    <ModDesc>Increases Soak value by 1</ModDesc>
    <QualDesc>Increases Soak value by {0}</QualDesc>
  </ItemDescriptor>
  <ItemDescriptor>
    <Key>MELEEDEFADD</Key>
    <Name>Increase Melee Defense Mod</Name>
    <Description>
      Increases Melee Defense value by 1
    </Description>
    <Type>Armor</Type>
    <ModDesc>Increases Melee Defense value by 1</ModDesc>
    <QualDesc>Increases Melee Defense value by {0}</QualDesc>
  </ItemDescriptor>
  <ItemDescriptor>
    <Key>RANGEDEFADD</Key>
    <Name>Increase Ranged Defense Mod</Name>
    <Description>
      Increases Ranged Defense value by 1
    </Description>
    <Type>Armor</Type>
    <ModDesc>Increases Ranged Defense value by 1</ModDesc>
    <QualDesc>Increases Ranged Defense value by {0}</QualDesc>
  </ItemDescriptor>
  <ItemDescriptor>
    <Key>SETBACKADD</Key>
    <Name>Add Setback Mod</Name>
    <Description>
      Add [SETBACK] to all attack checks when using this weapon
    </Description>
    <Type>Weapon</Type>
    <ModDesc>Add [SETBACK] to all attack checks when using this weapon</ModDesc>
    <QualDesc>Add [SETBACK] to all attack checks when using this weapon</QualDesc>
  </ItemDescriptor>
  <ItemDescriptor>
    <Key>BOOSTADD</Key>
    <Name>Add Boost Mod</Name>
    <Description>
      Add [BOOST] to all attack checks when using this weapon
    </Description>
    <Type>Weapon</Type>
    <ModDesc>Add [BOOST] to all attack checks when using this weapon</ModDesc>
    <QualDesc>Add [BOOST] to all attack checks when using this weapon</QualDesc>
  </ItemDescriptor>
  <ItemDescriptor>
    <Key>DIFFSUBLONG</Key>
    <Name>Decrease Long Range Difficulty Mod</Name>
    <Description>
      Decrease the difficulty of combat checks at long range by.
    </Description>
    <Type>Weapon</Type>
    <ModDesc>Decrease the difficulty of combat checks at long range by 1</ModDesc>
    <QualDesc>Decrease the difficulty of combat checks at long range by {0}</QualDesc>
  </ItemDescriptor>
  <ItemDescriptor>
    <Key>DIFFSUBLONGEXT</Key>
    <Name>Decrease Long and Extreme Range Difficulty Mod</Name>
    <Description>
      Decrease the difficulty of combat checks at long and extreme range.
    </Description>
    <Type>Weapon</Type>
    <ModDesc>Decrease the difficulty of combat checks at long and extreme range by 1</ModDesc>
    <QualDesc>Decrease the difficulty of combat checks at long and extreme range by {0}</QualDesc>
  </ItemDescriptor>
  <ItemDescriptor>
    <Key>NOSTUN</Key>
    <Name>Cannot deal strain damage</Name>
    <Description>Cannot deal strain damage</Description>
    <Type>Weapon</Type>
    <ModDesc>Cannot deal strain damage</ModDesc>
    <QualDesc>Cannot deal strain damage</QualDesc>
    <IsBoolean>true</IsBoolean>
  </ItemDescriptor>

  <ItemDescriptor>
    <Key>HEALPLUSONE</Key>
    <Name>Successful Medicine checks heal +1 wound Mod</Name>
    <Description>
      Successful Medicine checks heal +1 wound.
    </Description>
    <ModDesc>Successful Medicine checks heal +1 wound</ModDesc>
    <QualDesc>Successful Medicine checks heal +{0} wound</QualDesc>
  </ItemDescriptor>

  <ItemDescriptor>
    <Key>USERANGLT</Key>
    <Name>Weapon's skill changes to Ranged-Light Mod</Name>
    <Description>
      Weapon's skill changes to Ranged-Light
    </Description>
    <Type>Weapon</Type>
    <ModDesc>Weapon's skill changes to Ranged-Light</ModDesc>
    <QualDesc>Weapon's skill changes to Ranged-Light</QualDesc>
  </ItemDescriptor>
  <ItemDescriptor>
    <Key>USERANGHVY</Key>
    <Name>Weapon's skill changes to Ranged-Heavy Mod</Name>
    <Description>
      Weapon's skill changes to Ranged-Heavy
    </Description>
    <Type>Weapon</Type>
    <ModDesc>Weapon's skill changes to Ranged-Heavy</ModDesc>
    <QualDesc>Weapon's skill changes to Ranged-Heavy</QualDesc>
  </ItemDescriptor>

  <ItemDescriptor>
    <Key>RANGEREDMED</Key>
    <Name>Reduce Range to Medium Mod</Name>
    <Description></Description>
    <Type>Weapon</Type>
    <ModDesc>Reduces weapon's range to Medium, if longer</ModDesc>
    <QualDesc>Reduces weapon's range to Medium, if longer</QualDesc>
  </ItemDescriptor>
  <ItemDescriptor>
    <Key>DEMONMASK</Key>
    <Name>Demon Mask</Name>
    <Description></Description>
    <Type>Gear</Type>
    <IsBoolean>true</IsBoolean>
    <ModDesc>Increase wound threshold by 2 if dark side Force user</ModDesc>
    <QualDesc>Increase wound threshold by 2 if dark side Force user</QualDesc>
  </ItemDescriptor>
  <ItemDescriptor>
    <Key>MEDFOCUS</Key>
    <Name>Meditation Focus</Name>
    <Description></Description>
    <Type>Gear</Type>
    <IsBoolean>true</IsBoolean>
    <ModDesc>Increase strain threshold by 2 if light side paragon</ModDesc>
    <QualDesc>Increase strain threshold by 2 if light side paragon</QualDesc>
  </ItemDescriptor>
  <ItemDescriptor>
    <Key>IRONFIST</Key>
    <Name>Iron Fists</Name>
    <Description></Description>
    <Type>Gear</Type>
    <IsBoolean>true</IsBoolean>
    <ModDesc>Armor and Brawl attacks gain Cortosis quality.  Brawl attacks gain Pierce ranks equal to Force rating</ModDesc>
    <QualDesc>Armor and Brawl attacks gain Cortosis quality.  Brawl attacks gain Pierce ranks equal to Force rating</QualDesc>
  </ItemDescriptor>

  <!--Vehicles-->
  <ItemDescriptor>
    <Key>ARMORADD</Key>
    <Name>Increase Armor Mod</Name>
    <Description>
      Increases Armor value by 1
    </Description>
    <Type>Vehicle</Type>
    <ModDesc>Increases Armor value by 1</ModDesc>
    <QualDesc>Increases Armor value by {0}</QualDesc>
  </ItemDescriptor>
  <ItemDescriptor>
    <Key>HANDLINGSUB</Key>
    <Name>Decreases Handling Mod</Name>
    <Description>
      Decreases Handling by 1
    </Description>
    <Type>Vehicle</Type>
    <ModDesc>Decreases Handling by 1</ModDesc>
    <QualDesc>Decreases Handling by {0}</QualDesc>
  </ItemDescriptor>
  <ItemDescriptor>
    <Key>HANDLINGADD</Key>
    <Name>Increases Handling Mod</Name>
    <Description>
      Increases Handling by 1
    </Description>
    <Type>Vehicle</Type>
    <ModDesc>Increases Handling by 1</ModDesc>
    <QualDesc>Increases Handling by {0}</QualDesc>
  </ItemDescriptor>
  <ItemDescriptor>
    <Key>SSTRAINSUB</Key>
    <Name>Decreases System Strain Mod</Name>
    <Description>
      Decreases System Strain by 1
    </Description>
    <Type>Vehicle</Type>
    <ModDesc>Decreases System Strain by 1</ModDesc>
    <QualDesc>Decreases System Strain by {0}</QualDesc>
  </ItemDescriptor>
  <ItemDescriptor>
    <Key>SSTRAINADD</Key>
    <Name>Increases System Strain Mod</Name>
    <Description>
      Increases System Strain by 1
    </Description>
    <Type>Vehicle</Type>
    <ModDesc>Increases System Strain by 1</ModDesc>
    <QualDesc>Increases System Strain by {0}</QualDesc>
  </ItemDescriptor>
  <ItemDescriptor>
    <Key>DEFZONEADD</Key>
    <Name>Increase Defense Zone Mod</Name>
    <Description>
      Increases Defense Zone by 1
    </Description>
    <Type>Vehicle</Type>
    <ModDesc>Increases Defense Zone by 1</ModDesc>
    <QualDesc>Increases Defense Zone by {0}</QualDesc>
    <ChooseDefZone>true</ChooseDefZone>
  </ItemDescriptor>
  <ItemDescriptor>
    <Key>SMUGENC</Key>
    <Name>Convert 25 encumbrance capacity to smuggling compartment Mod</Name>
    <Description>
      Convert 25 encumbrance capacity to smuggling compartment
    </Description>
    <Type>Vehicle</Type>
    <ModDesc>Convert 25 encumbrance capacity to smuggling compartment</ModDesc>
    <QualDesc>Convert 25 encumbrance capacity to smuggling compartment</QualDesc>
  </ItemDescriptor>
  <ItemDescriptor>
    <Key>HANGER</Key>
    <Name>Retrofits Hangar Bay Mod</Name>
    <Description>
      Retrofits Hangar Bay
    </Description>
    <Type>Vehicle</Type>
    <ModDesc>Retrofits Hangar Bay</ModDesc>
    <QualDesc>Retrofits Hangar Bay</QualDesc>
  </ItemDescriptor>
  <ItemDescriptor>
    <Key>HANGERSIZE</Key>
    <Name>Increase Silhouette Capacity of Hangar Bay by 1 Mod</Name>
    <Description>
      Increase Silhouette Capacity of Hangar Bay by 1
    </Description>
    <Type>Vehicle</Type>
    <ModDesc>Increase Silhouette Capacity of Hangar Bay by 1</ModDesc>
    <QualDesc>Increase Silhouette Capacity of Hangar Bay by {0}</QualDesc>
  </ItemDescriptor>
  <ItemDescriptor>
    <Key>HYPERDRIVESUB</Key>
    <Name>Decreases Hyperdrive Class by 1, to a minimum of 1 Mod</Name>
    <Description>
      Decreases Hyperdrive Class by 1
    </Description>
    <Type>Vehicle</Type>
    <ModDesc>Decreases Hyperdrive Class by 1, to a minimum of 1</ModDesc>
    <QualDesc>Decreases Hyperdrive Class by {0}, to a minimum of 1</QualDesc>
  </ItemDescriptor>
  <ItemDescriptor>
    <Key>HYPERDRIVESUB5</Key>
    <Name>Decreases Hyperdrive Class by 1, to a minimum of .5 Mod</Name>
    <Description>
      Decreases Hyperdrive Class by 1
    </Description>
    <Type>Vehicle</Type>
    <ModDesc>Decreases Hyperdrive Class by 1, to a minimum of .5</ModDesc>
    <QualDesc>Decreases Hyperdrive Class by {0}, to a minimum of .5</QualDesc>
  </ItemDescriptor>
  <ItemDescriptor>
    <Key>MASSIVESET</Key>
    <Name>Change Massive Mod</Name>
    <Description></Description>
    <Type>Vehicle</Type>
    <ModDesc>Changes Massive Setting</ModDesc>
    <QualDesc>Changes Massive Setting to {0}</QualDesc>
  </ItemDescriptor>


  <ItemDescriptor>
    <Key>SPEEDSUB</Key>
    <Name>Decreases Speed Mod</Name>
    <Description>
      Decreases Speed by 1
    </Description>
    <Type>Vehicle</Type>
    <ModDesc>Decreases Speed by 1</ModDesc>
    <QualDesc>Decreases Speed by {0}</QualDesc>
  </ItemDescriptor>
  <ItemDescriptor>
    <Key>SPEEDADD</Key>
    <Name>Increases Speed Mod</Name>
    <Description>
      Increases Speed by 1
    </Description>
    <Type>Vehicle</Type>
    <ModDesc>Increases Speed by 1</ModDesc>
    <QualDesc>Increases Speed by {0}</QualDesc>
  </ItemDescriptor>

  <ItemDescriptor>
    <Key>SRANGEADD</Key>
    <Name>Additional Sensor Range Mod</Name>
    <Description></Description>
    <Type>Vehicle</Type>
    <ModDesc>Increases vehicle's sensor range by one Range Band</ModDesc>
    <QualDesc>Increases vehicle's sensor range by {0} Range Band(s)</QualDesc>
  </ItemDescriptor>
  <ItemDescriptor>
    <Key>SRANGESUB</Key>
    <Name>Reduced Sensor Range Mod</Name>
    <Description></Description>
    <Type>Vehicle</Type>
    <ModDesc>Decreases vehicle's sensor range by one Range Band</ModDesc>
    <QualDesc>Decreases vehicle's sensor range by {0} Range Band(s)</QualDesc>
  </ItemDescriptor>
  <ItemDescriptor>
    <Key>CRANGEADD</Key>
    <Name>Additional Comms Range Mod</Name>
    <Description></Description>
    <Type>Vehicle</Type>
    <ModDesc>Increases vehicle's communications range by one Range Band</ModDesc>
    <QualDesc>Increases vehicle's communications range by {0} Range Band(s)</QualDesc>
  </ItemDescriptor>
  <ItemDescriptor>
    <Key>CRANGESUB</Key>
    <Name>Reduced Comms Range Mod</Name>
    <Description></Description>
    <Type>Vehicle</Type>
    <ModDesc>Decreases vehicle's communications range by one Range Band</ModDesc>
    <QualDesc>Decreases vehicle's communications range by {0} Range Band(s)</QualDesc>
  </ItemDescriptor>
  <ItemDescriptor>
    <Key>HULLADD</Key>
    <Name>Increases Hull Trauma Mod</Name>
    <Description>
      Increases Hull Trauma by 1
    </Description>
    <Type>Vehicle</Type>
    <ModDesc>Increases Hull Trauma by 1</ModDesc>
    <QualDesc>Increases Hull Trauma by {0}</QualDesc>
  </ItemDescriptor>
  <ItemDescriptor>
    <Key>HULLSUB</Key>
    <Name>Decreases Hull Trauma Mod</Name>
    <Description>
      Decreases Hull Trauma by 1
    </Description>
    <Type>Vehicle</Type>
    <ModDesc>Decreases Hull Trauma by 1</ModDesc>
    <QualDesc>Decreases Hull Trauma by {0}</QualDesc>
  </ItemDescriptor>
  <ItemDescriptor>
    <Key>PASSADD</Key>
    <Name>Increase Passenger Capacity Mod</Name>
    <Description>
      Increase Passenger Capacity by 1
    </Description>
    <Type>Vehicle</Type>
    <ModDesc>Increase Passenger Capacity by 1</ModDesc>
    <QualDesc>Increases Passenger Capacity by {0}</QualDesc>
  </ItemDescriptor>
  <ItemDescriptor>
    <Key>PASSSUB</Key>
    <Name>Decrease Passenger Capacity Mod</Name>
    <Description>
      Decrease Passenger Capacity by 1
    </Description>
    <Type>Vehicle</Type>
    <ModDesc>Decrease Passenger Capacity by 1</ModDesc>
    <QualDesc>Decreases Passenger Capacity by {0}</QualDesc>
  </ItemDescriptor>
  <ItemDescriptor>
    <Key>ADDSILWEAP</Key>
    <Name>Vehicle can carry a weapon for craft 1 silhouette larger Mod</Name>
    <Description>
      Vehicle can carry a weapon for craft 1 silhouette larger
    </Description>
    <Type>Vehicle</Type>
    <ModDesc>Vehicle can carry a weapon for craft 1 silhouette larger</ModDesc>
    <QualDesc>Vehicle can carry a weapon for craft {0} silhouette larger</QualDesc>
    <ChooseVehicleWeapon>true</ChooseVehicleWeapon>
  </ItemDescriptor>
  <ItemDescriptor>
    <Key>BOARDTUBETIME</Key>
    <Name>Decrease time to cut through hull by 1 round Mod</Name>
    <Description>
      Decrease time to cut through hull by 1 round
    </Description>
    <Type>Vehicle</Type>
    <ModDesc>Decrease time to cut through hull by 1 round</ModDesc>
    <QualDesc>Decrease time to cut through hull by {0} round(s)</QualDesc>
  </ItemDescriptor>
  <ItemDescriptor>
    <Key>DAMWEAPSYSADD</Key>
    <Name>Increase damage of weapon system by one Mod</Name>
    <Description>
      Increase damage of weapon system by one
    </Description>
    <Type>Vehicle</Type>
    <ModDesc>Increase damage of weapon system by 1</ModDesc>
    <QualDesc>Increase damage of weapon system by {0}</QualDesc>
    <ChooseExistingVehicleWeapon>true</ChooseExistingVehicleWeapon>
  </ItemDescriptor>

    <ItemDescriptor>
    <Key>ENCCADD</Key>
    <Name>Increases Encumbrance Capacity Mod</Name>
    <Description></Description>
      <Type>Vehicle</Type>
      <ModDesc>Increase Encumbrance Capacity by 1</ModDesc>
    <QualDesc>Increase Encumbrance Capacity by {0}</QualDesc>
  </ItemDescriptor>
  <ItemDescriptor>
    <Key>ENCCSUB</Key>
    <Name>Decreases Encumbrance Capacity Mod</Name>
    <Description></Description>
    <Type>Vehicle</Type>
    <ModDesc>Decrease Encumbrance Capacity by 1</ModDesc>
    <QualDesc>Decrease Encumbrance Capacity by {0}</QualDesc>
  </ItemDescriptor>
  <ItemDescriptor>
    <Key>UPGUNN</Key>
    <Name>Upgrade ability of Gunnery checks Mod</Name>
    <Description></Description>
    <Type>Vehicle</Type>
    <ModDesc>Upgrade ability of Gunnery checks by 1</ModDesc>
    <QualDesc>Upgrade ability of Gunnery checks {0}</QualDesc>
  </ItemDescriptor>


  <!-- Qualities -->
  
  <ItemDescriptor>
    <Key>ACCURATE</Key>
    <Name>Accurate Quality</Name>
    <Description></Description>
    <Type>Weapon</Type>
    <ModDesc>Accurate {0}</ModDesc>
    <QualDesc>Accurate {0}</QualDesc>
    <IsQuality>true</IsQuality>
  </ItemDescriptor>
  <ItemDescriptor>
    <Key>AUTOFIRE</Key>
    <Name>Auto-Fire Quality</Name>
    <Description></Description>
    <Type>Weapon</Type>
    <ModDesc>Auto Fire</ModDesc>
    <QualDesc>Auto Fire</QualDesc>
    <IsBoolean>true</IsBoolean>
    <IsQuality>true</IsQuality>
    <IsActiveQuality>true</IsActiveQuality>
  </ItemDescriptor>
  <ItemDescriptor>
    <Key>BREACH</Key>
    <Name>Breach Quality</Name>
    <Type>Weapon</Type>
    <Description></Description>
    <ModDesc>Breach {0}</ModDesc>
    <QualDesc>Breach {0}</QualDesc>
    <IsQuality>true</IsQuality>
  </ItemDescriptor>
  <ItemDescriptor>
    <Key>BURN</Key>
    <Name>Burn Quality</Name>
    <Type>Weapon</Type>
    <Description></Description>
    <ModDesc>Burn {0}</ModDesc>
    <QualDesc>Burn {0}</QualDesc>
    <IsQuality>true</IsQuality>
    <IsActiveQuality>true</IsActiveQuality>
  </ItemDescriptor>
  <ItemDescriptor>
    <Key>BLAST</Key>
    <Name>Blast Quality</Name>
    <Description></Description>
    <Type>Weapon</Type>
    <ModDesc>Blast {0}</ModDesc>
    <QualDesc>Blast {0}</QualDesc>
    <IsQuality>true</IsQuality>
    <IsActiveQuality>true</IsActiveQuality>
  </ItemDescriptor>
  <ItemDescriptor>
    <Key>CONCUSSIVE</Key>
    <Name>Concussive Quality</Name>
    <Description></Description>
    <Type>Weapon</Type>
    <ModDesc>Concussive {0}</ModDesc>
    <QualDesc>Concussive {0}</QualDesc>
    <IsQuality>true</IsQuality>
    <IsActiveQuality>true</IsActiveQuality>
  </ItemDescriptor>
  <ItemDescriptor>
    <Key>CORTOSIS</Key>
    <Name>Cortosis Quality</Name>
    <Description></Description>
    <ModDesc>Cortosis</ModDesc>
    <QualDesc>Cortosis</QualDesc>
    <IsBoolean>true</IsBoolean>
    <IsQuality>true</IsQuality>
  </ItemDescriptor>
  <ItemDescriptor>
    <Key>CUMBERSOME</Key>
    <Name>Cumbersome Quality</Name>
    <Description></Description>
    <Type>Weapon</Type>
    <ModDesc>Cumbersome {0}</ModDesc>
    <QualDesc>Cumbersome {0}</QualDesc>
    <IsQuality>true</IsQuality>
  </ItemDescriptor>
  <ItemDescriptor>
    <Key>DEFENSIVE</Key>
    <Name>Defensive Quality</Name>
    <Description></Description>
    <Type>Weapon</Type>
    <ModDesc>Defensive {0}</ModDesc>
    <QualDesc>Defensive {0}</QualDesc>
    <IsQuality>true</IsQuality>
  </ItemDescriptor>
  <ItemDescriptor>
    <Key>DEFLECTION</Key>
    <Name>Deflection Quality</Name>
    <Description></Description>
    <ModDesc>Deflection {0}</ModDesc>
    <QualDesc>Deflection {0}</QualDesc>
    <IsQuality>true</IsQuality>
  </ItemDescriptor>
  <ItemDescriptor>
    <Key>DISORIENT</Key>
    <Name>Disorient Quality</Name>
    <Description></Description>
    <Type>Weapon</Type>
    <ModDesc>Disorient {0}</ModDesc>
    <QualDesc>Disorient {0}</QualDesc>
    <IsQuality>true</IsQuality>
    <IsActiveQuality>true</IsActiveQuality>
  </ItemDescriptor>
  <ItemDescriptor>
    <Key>ENSNARE</Key>
    <Name>Ensnare Quality</Name>
    <Description></Description>
    <Type>Weapon</Type>
    <ModDesc>Ensnare {0}</ModDesc>
    <QualDesc>Ensnare {0}</QualDesc>
    <IsQuality>true</IsQuality>
    <IsActiveQuality>true</IsActiveQuality>
  </ItemDescriptor>
  <ItemDescriptor>
    <Key>GUIDED</Key>
    <Name>Guided Quality</Name>
    <Description></Description>
    <Type>Weapon</Type>
    <ModDesc>Guided {0}</ModDesc>
    <QualDesc>Guided {0}</QualDesc>
    <IsQuality>true</IsQuality>
    <IsActiveQuality>true</IsActiveQuality>
  </ItemDescriptor>
  <ItemDescriptor>
    <Key>KNOCKDOWN</Key>
    <Name>Knockdown Quality</Name>
    <Description></Description>
    <Type>Weapon</Type>
    <ModDesc>Knockdown</ModDesc>
    <QualDesc>Knockdown</QualDesc>
    <IsBoolean>true</IsBoolean>
    <IsQuality>true</IsQuality>
    <IsActiveQuality>true</IsActiveQuality>
  </ItemDescriptor>
  <ItemDescriptor>
    <Key>INACCURATE</Key>
    <Name>Inaccurate Quality</Name>
    <Description></Description>
    <Type>Weapon</Type>
    <ModDesc>Inaccurate {0}</ModDesc>
    <QualDesc>Inaccurate {0}</QualDesc>
    <IsQuality>true</IsQuality>
  </ItemDescriptor>
  <ItemDescriptor>
    <Key>INFERIOR</Key>
    <Name>Inferior Quality</Name>
    <Description></Description>
    <ModDesc>Inferior</ModDesc>
    <QualDesc>Inferior</QualDesc>
    <IsBoolean>true</IsBoolean>
    <IsQuality>true</IsQuality>
  </ItemDescriptor>
  <ItemDescriptor>
    <Key>ION</Key>
    <Name>Ion Quality</Name>
    <Description></Description>
    <Type>Weapon</Type>
    <ModDesc>Ion</ModDesc>
    <QualDesc>Ion</QualDesc>
    <IsBoolean>true</IsBoolean>
    <IsQuality>true</IsQuality>
  </ItemDescriptor>
  <ItemDescriptor>
    <Key>LIMITEDAMMO</Key>
    <Name>Limited Ammo Quality</Name>
    <Description></Description>
    <Type>Weapon</Type>
    <ModDesc>Limited Ammo {0}</ModDesc>
    <QualDesc>Limited Ammo {0}</QualDesc>
    <IsQuality>true</IsQuality>
  </ItemDescriptor>
  <ItemDescriptor>
    <Key>LINKED</Key>
    <Name>Linked Quality</Name>
    <Description></Description>
    <Type>Weapon</Type>
    <ModDesc>Linked {0}</ModDesc>
    <QualDesc>Linked {0}</QualDesc>
    <IsBoolean>false</IsBoolean>
    <IsQuality>true</IsQuality>
    <IsActiveQuality>true</IsActiveQuality>
  </ItemDescriptor>
  <ItemDescriptor>
    <Key>PIERCE</Key>
    <Name>Pierce Quality</Name>
    <Description></Description>
    <Type>Weapon</Type>
    <ModDesc>Pierce {0}</ModDesc>
    <QualDesc>Pierce {0}</QualDesc>
    <IsQuality>true</IsQuality>
  </ItemDescriptor>
  <ItemDescriptor>
    <Key>PREPARE</Key>
    <Name>Prepare Quality</Name>
    <Description></Description>
    <Type>Weapon</Type>
    <ModDesc>Prepare {0}</ModDesc>
    <QualDesc>Prepare {0}</QualDesc>
    <IsQuality>true</IsQuality>
  </ItemDescriptor>
  <ItemDescriptor>
    <Key>SLOWFIRING</Key>
    <Name>Slow Firing Quality</Name>
    <Description></Description>
    <Type>Weapon</Type>
    <ModDesc>Slow Firing {0}</ModDesc>
    <QualDesc>Slow Firing {0}</QualDesc>
    <IsQuality>true</IsQuality>
  </ItemDescriptor>
  <ItemDescriptor>
    <Key>STAGGER</Key>
    <Name>Stagger Quality</Name>
    <Description></Description>
    <Type>Weapon</Type>
    <ModDesc>Stagger {0}</ModDesc>
    <QualDesc>Stagger {0}</QualDesc>
    <IsQuality>true</IsQuality>
  </ItemDescriptor>
  <ItemDescriptor>
    <Key>STUN</Key>
    <Name>Stun Quality</Name>
    <Description></Description>
    <Type>Weapon</Type>
    <ModDesc>Stun {0}</ModDesc>
    <QualDesc>Stun {0}</QualDesc>
    <IsQuality>true</IsQuality>
    <IsActiveQuality>true</IsActiveQuality>
  </ItemDescriptor>
  <ItemDescriptor>
    <Key>STUNDROID</Key>
    <Name>Stun (Droid Only) Quality</Name>
    <Description></Description>
    <Type>Weapon</Type>
    <ModDesc>Stun {0} (Droid Only)</ModDesc>
    <QualDesc>Stun {0} (Droid Only)</QualDesc>
    <IsQuality>true</IsQuality>
    <IsActiveQuality>true</IsActiveQuality>
  </ItemDescriptor>
  <ItemDescriptor>
    <Key>STUNSETTING</Key>
    <Name>Stun Setting Quality</Name>
    <Description></Description>
    <Type>Weapon</Type>
    <ModDesc>Stun Setting</ModDesc>
    <QualDesc>Stun Setting</QualDesc>
    <IsBoolean>true</IsBoolean>
    <IsQuality>true</IsQuality>
  </ItemDescriptor>
  <ItemDescriptor>
    <Key>STUNDAMAGE</Key>
    <Name>Stun Damage Quality</Name>
    <Description></Description>
    <Type>Weapon</Type>
    <ModDesc>Stun Damage</ModDesc>
    <QualDesc>Stun Damage</QualDesc>
    <IsBoolean>true</IsBoolean>
    <IsQuality>true</IsQuality>
  </ItemDescriptor>
  <ItemDescriptor>
    <Key>STUNDAMAGEDROID</Key>
    <Name>Stun Damage (Droid Only) Quality</Name>
    <Description></Description>
    <Type>Weapon</Type>
    <ModDesc>Stun Damage (Droid Only)</ModDesc>
    <QualDesc>Stun Damage (Droid Only)</QualDesc>
    <IsBoolean>true</IsBoolean>
    <IsQuality>true</IsQuality>
  </ItemDescriptor>
  <ItemDescriptor>
    <Key>SUNDER</Key>
    <Name>Sunder Quality</Name>
    <Description></Description>
    <Type>Weapon</Type>
    <ModDesc>Sunder</ModDesc>
    <QualDesc>Sunder</QualDesc>
    <IsBoolean>true</IsBoolean>
    <IsQuality>true</IsQuality>
    <IsActiveQuality>true</IsActiveQuality>
  </ItemDescriptor>
  <ItemDescriptor>
    <Key>SUPERIOR</Key>
    <Name>Superior Quality</Name>
    <Description></Description>
    <ModDesc>Superior</ModDesc>
    <QualDesc>Superior</QualDesc>
    <IsBoolean>true</IsBoolean>
    <IsQuality>true</IsQuality>
  </ItemDescriptor>
  <ItemDescriptor>
    <Key>TRACTOR</Key>
    <Name>Tractor Quality</Name>
    <Description></Description>
    <Type>Weapon</Type>
    <ModDesc>Tractor {0}</ModDesc>
    <QualDesc>Tractor {0}</QualDesc>
    <IsQuality>true</IsQuality>
  </ItemDescriptor>
  <ItemDescriptor>
    <Key>VICIOUS</Key>
    <Name>Vicious Quality</Name>
    <Description></Description>
    <Type>Weapon</Type>
    <ModDesc>Vicious {0}</ModDesc>
    <QualDesc>Vicious {0}</QualDesc>
    <IsQuality>true</IsQuality>
  </ItemDescriptor>
  <ItemDescriptor>
    <Key>UNWIELDY</Key>
    <Name>Unwieldy Quality</Name>
    <Description></Description>
    <Type>Weapon</Type>
    <ModDesc>Unwieldy {0}</ModDesc>
    <QualDesc>Unwieldy {0}</QualDesc>
    <IsQuality>true</IsQuality>
  </ItemDescriptor>
  
  <!-- Quality Activators -->

  <ItemDescriptor>
    <Key>QUALADVSUB</Key>
    <Name>Quality Takes One Less Advantage to Activate Mod</Name>
    <Description>Quality Takes One Less [AD] to Activate</Description>
    <Type>Weapon</Type>
    <ModDesc>Quality Takes 1 Less [AD] to Activate</ModDesc>
    <QualDesc>{1} Takes {0} Less [AD] to Activate</QualDesc>
    <ChooseActiveQuality>true</ChooseActiveQuality>
  </ItemDescriptor>



  <ItemDescriptor>
    <Key>AUTOFIREADV</Key>
    <Name>Autofire Takes One Less Advantage to Activate Mod</Name>
    <Description>Autofire Takes One Less [AD] to Activate</Description>
    <Type>Weapon</Type>
    <ModDesc>Autofire Takes 1 Less [AD] to Activate</ModDesc>
    <QualDesc>Autofire Takes {0} Less [AD] to Activate</QualDesc>
  </ItemDescriptor>
  <ItemDescriptor>
    <Key>BURNADV</Key>
    <Name>Burn Takes One Less Advantage to Activate Mod</Name>
    <Description>Burn Takes One Less [AD] to Activate</Description>
    <Type>Weapon</Type>
    <ModDesc>Burn Takes 1 Less [AD] to Activate</ModDesc>
    <QualDesc>Burn Takes {0} Less [AD] to Activate</QualDesc>
  </ItemDescriptor>
  <ItemDescriptor>
    <Key>BLASTADV</Key>
    <Name>Blast Takes One Less Advantage to Activate Mod</Name>
    <Description>Blast Takes One Less [AD] to Activate</Description>
    <Type>Weapon</Type>
    <ModDesc>Blast Takes 1 Less [AD] to Activate</ModDesc>
    <QualDesc>Blast Takes {0} Less [AD] to Activate</QualDesc>
  </ItemDescriptor>
  <ItemDescriptor>
    <Key>CONCUSSIVEADV</Key>
    <Name>Concussive Takes One Less Advantage to Activate Mod</Name>
    <Description>Concussive Takes One Less [AD] to Activate</Description>
    <Type>Weapon</Type>
    <ModDesc>Concussive Takes 1 Less [AD] to Activate</ModDesc>
    <QualDesc>Concussive Takes {0} Less [AD] to Activate</QualDesc>
  </ItemDescriptor>
  <ItemDescriptor>
    <Key>DISORIENTADV</Key>
    <Name>Disorient Takes One Less Advantage to Activate Mod</Name>
    <Description>Disorient Takes One Less [AD] to Activate</Description>
    <Type>Weapon</Type>
    <ModDesc>Disorient Takes 1 Less [AD] to Activate</ModDesc>
    <QualDesc>Disorient Takes {0} Less [AD] to Activate</QualDesc>
  </ItemDescriptor>
  <ItemDescriptor>
    <Key>ENSNAREADV</Key>
    <Name>Ensnare Takes One Less Advantage to Activate Mod</Name>
    <Description>Ensnare Takes One Less [AD] to Activate</Description>
    <Type>Weapon</Type>
    <ModDesc>Ensnare Takes 1 Less [AD] to Activate</ModDesc>
    <QualDesc>Ensnare Takes {0} Less [AD] to Activate</QualDesc>
  </ItemDescriptor>
  <ItemDescriptor>
    <Key>GUIDEDADV</Key>
    <Name>Guided Takes One Less Advantage to Activate Mod</Name>
    <Description>Guided Takes One Less [AD] to Activate</Description>
    <Type>Weapon</Type>
    <ModDesc>Guided Takes 1 Less [AD] to Activate</ModDesc>
    <QualDesc>Guided Takes {0} Less [AD] to Activate</QualDesc>
  </ItemDescriptor>
  <ItemDescriptor>
    <Key>KNOCKDOWNADV</Key>
    <Name>Knockdown Takes One Less Advantage to Activate Mod</Name>
    <Description>Knockdown Takes One Less [AD] to Activate</Description>
    <Type>Weapon</Type>
    <ModDesc>Knockdown Takes 1 Less [AD] to Activate</ModDesc>
    <QualDesc>Knockdown Takes {0} Less [AD] to Activate</QualDesc>
  </ItemDescriptor>
  <ItemDescriptor>
    <Key>LINKEDADV</Key>
    <Name>Linked Takes One Less Advantage to Activate Mod</Name>
    <Description>Linked Takes One Less [AD] to Activate</Description>
    <Type>Weapon</Type>
    <ModDesc>Linked Takes 1 Less [AD] to Activate</ModDesc>
    <QualDesc>Linked Takes {0} Less [AD] to Activate</QualDesc>
  </ItemDescriptor>
  <ItemDescriptor>
    <Key>STUNADV</Key>
    <Name>Stun Takes One Less Advantage to Activate Mod</Name>
    <Description>Stun Takes One Less [AD] to Activate</Description>
    <Type>Weapon</Type>
    <ModDesc>Stun Takes 1 Less [AD] to Activate</ModDesc>
    <QualDesc>Stun Takes {0} Less [AD] to Activate</QualDesc>
  </ItemDescriptor>
  <ItemDescriptor>
    <Key>SUNDERADV</Key>
    <Name>Sunder Takes One Less Advantage to Activate Mod</Name>
    <Description>Sunder Takes One Less [AD] to Activate</Description>
    <Type>Weapon</Type>
    <ModDesc>Sunder Takes 1 Less [AD] to Activate</ModDesc>
    <QualDesc>Sunder Takes {0} Less [AD] to Activate</QualDesc>
  </ItemDescriptor>








</ItemDescriptors>

