﻿<?xml version="1.0" encoding="utf-8" ?>
<Moralities>
  <Morality>
    <Key>BRAVERY</Key>
    <Name>Bravery</Name>
    <Description>
      [H4]Bravery (Strength)[h4]
      Please see page 50 of the Force and Destiny Core Rulebook for details.
    </Description>
    <Source>Force and Destiny Core Rulebook</Source>
    <Type>Strength</Type>
    <WeakKey>ANGER</WeakKey>
  </Morality>
  <Morality>
    <Key>LOVE</Key>
    <Name>Love</Name>
    <Description>
      [H4]Love (Strength)[h4]
      Please see page 50 of the Force and Destiny Core Rulebook for details.
    </Description>
    <Source>Force and Destiny Core Rulebook</Source>
    <Type>Strength</Type>
    <WeakKey>JEALOUSY</WeakKey>
  </Morality>
  <Morality>
    <Key>CAUTION</Key>
    <Name>Caution</Name>
    <Description>
      [H4]Caution (Strength)[h4]
      Please see page 50 of the Force and Destiny Core Rulebook for details.
    </Description>
    <Source>Force and Destiny Core Rulebook</Source>
    <Type>Strength</Type>
    <WeakKey>FEAR</WeakKey>
  </Morality>
  <Morality>
    <Key>ENTHUSIASM</Key>
    <Name>Enthusiasm</Name>
    <Description>
      [H4]Enthusiasm (Strength)[h4]
      Please see page 50 of the Force and Destiny Core Rulebook for details.
    </Description>
    <Source>Force and Destiny Core Rulebook</Source>
    <Type>Strength</Type>
    <WeakKey>RECKLESSNESS</WeakKey>
  </Morality>
  <Morality>
    <Key>COMPASSION</Key>
    <Name>Compassion</Name>
    <Description>
      [H4]Compassion (Strength)[h4]
      Please see page 50 of the Force and Destiny Core Rulebook for details.
    </Description>
    <Source>Force and Destiny Core Rulebook</Source>
    <Type>Strength</Type>
    <WeakKey>HATRED</WeakKey>
  </Morality>
  <Morality>
    <Key>MERCY</Key>
    <Name>Mercy</Name>
    <Description>
      [H4]Mercy (Strength)[h4]
      Please see page 50 of the Force and Destiny Core Rulebook for details.
    </Description>
    <Source>Force and Destiny Core Rulebook</Source>
    <Type>Strength</Type>
    <WeakKey>APATHY</WeakKey>
  </Morality>
  <Morality>
    <Key>CURIOSITY</Key>
    <Name>Curiosity</Name>
    <Description>
      [H4]Curiosity (Strength)[h4]
      Please see page 50 of the Force and Destiny Core Rulebook for details.
    </Description>
    <Source>Force and Destiny Core Rulebook</Source>
    <Type>Strength</Type>
    <WeakKey>OBSESSION</WeakKey>
  </Morality>
  <Morality>
    <Key>PRIDE</Key>
    <Name>Pride</Name>
    <Description>
      [H4]Pride (Strength)[h4]
      Please see page 50 of the Force and Destiny Core Rulebook for details.
    </Description>
    <Source>Force and Destiny Core Rulebook</Source>
    <Type>Strength</Type>
    <WeakKey>ARROGANCE</WeakKey>
  </Morality>
  <Morality>
    <Key>INDEPENDENCE</Key>
    <Name>Independence</Name>
    <Description>
      [H4]Independence (Strength)[h4]
      Please see page 50 of the Force and Destiny Core Rulebook for details.
    </Description>
    <Source>Force and Destiny Core Rulebook</Source>
    <Type>Strength</Type>
    <WeakKey>COLDNESS</WeakKey>
  </Morality>
  <Morality>
    <Key>AMBITION</Key>
    <Name>Ambition</Name>
    <Description>
      [H4]Ambition (Strength)[h4]
      Please see page 50 of the Force and Destiny Core Rulebook for details.
    </Description>
    <Source>Force and Destiny Core Rulebook</Source>
    <Type>Strength</Type>
    <WeakKey>GREED</WeakKey>
  </Morality>
  <Morality>
    <Key>JUSTICE</Key>
    <Name>Justice</Name>
    <Description>
      [H4]Justice (Strength)[h4]
      Please see page 50 of the Force and Destiny Core Rulebook for details.
    </Description>
    <Source>Force and Destiny Core Rulebook</Source>
    <Type>Strength</Type>
    <WeakKey>CRUELTY</WeakKey>
  </Morality>
  <Morality>
    <Key>DISCIPLINE</Key>
    <Name>Discipline</Name>
    <Description>
      [H4]Discipline (Strength)[h4]
      Please see page 50 of the Force and Destiny Core Rulebook for details.
    </Description>
    <Source>Force and Destiny Core Rulebook</Source>
    <Type>Strength</Type>
    <WeakKey>OBSTINATENESS</WeakKey>
  </Morality>
  <Morality>
    <Key>ANGER</Key>
    <Name>Anger</Name>
    <Description>
      [H4]Anger (Weakness)[h4]
      Please see page 50 of the Force and Destiny Core Rulebook for details.
    </Description>
    <Source>Force and Destiny Core Rulebook</Source>
    <Type>Weakness</Type>
  </Morality>
  <Morality>
    <Key>JEALOUSY</Key>
    <Name>Jealousy</Name>
    <Description>
      [H4]Jealousy (Weakness)[h4]
      Please see page 50 of the Force and Destiny Core Rulebook for details.
    </Description>
    <Source>Force and Destiny Core Rulebook</Source>
    <Type>Weakness</Type>
  </Morality>
  <Morality>
    <Key>FEAR</Key>
    <Name>Fear</Name>
    <Description>
      [H4]Fear (Weakness)[h4]
      Please see page 50 of the Force and Destiny Core Rulebook for details.
    </Description>
    <Source>Force and Destiny Core Rulebook</Source>
    <Type>Weakness</Type>
  </Morality>
  <Morality>
    <Key>RECKLESSNESS</Key>
    <Name>Recklessness</Name>
    <Description>
      [H4]Recklessness (Weakness)[h4]
      Please see page 50 of the Force and Destiny Core Rulebook for details.
    </Description>
    <Source>Force and Destiny Core Rulebook</Source>
    <Type>Weakness</Type>
  </Morality>
  <Morality>
    <Key>HATRED</Key>
    <Name>Hatred</Name>
    <Description>
      [H4]Hatred (Weakness)[h4]
      Please see page 50 of the Force and Destiny Core Rulebook for details.
    </Description>
    <Source>Force and Destiny Core Rulebook</Source>
    <Type>Weakness</Type>
  </Morality>
  <Morality>
    <Key>APATHY</Key>
    <Name>Weakness</Name>
    <Description>
      [H4]Weakness (Weakness)[h4]
      Please see page 50 of the Force and Destiny Core Rulebook for details.
    </Description>
    <Source>Force and Destiny Core Rulebook</Source>
    <Type>Weakness</Type>
  </Morality>
  <Morality>
    <Key>OBSESSION</Key>
    <Name>Obsession</Name>
    <Description>
      [H4]Obsession (Weakness)[h4]
      Please see page 50 of the Force and Destiny Core Rulebook for details.
    </Description>
    <Source>Force and Destiny Core Rulebook</Source>
    <Type>Weakness</Type>
  </Morality>
  <Morality>
    <Key>ARROGANCE</Key>
    <Name>Arrogance</Name>
    <Description>
      [H4]Arrogance (Weakness)[h4]
      Please see page 50 of the Force and Destiny Core Rulebook for details.
    </Description>
    <Source>Force and Destiny Core Rulebook</Source>
    <Type>Weakness</Type>
  </Morality>
  <Morality>
    <Key>COLDNESS</Key>
    <Name>Coldness</Name>
    <Description>
      [H4]Coldness (Weakness)[h4]
      Please see page 50 of the Force and Destiny Core Rulebook for details.
    </Description>
    <Source>Force and Destiny Core Rulebook</Source>
    <Type>Weakness</Type>
  </Morality>
  <Morality>
    <Key>GREED</Key>
    <Name>Greed</Name>
    <Description>
      [H4]Greed (Weakness)[h4]
      Please see page 50 of the Force and Destiny Core Rulebook for details.
    </Description>
    <Source>Force and Destiny Core Rulebook</Source>
    <Type>Weakness</Type>
  </Morality>
  <Morality>
    <Key>CRUELTY</Key>
    <Name>Cruelty</Name>
    <Description>
      [H4]Cruelty (Weakness)[h4]
      Please see page 50 of the Force and Destiny Core Rulebook for details.
    </Description>
    <Source>Force and Destiny Core Rulebook</Source>
    <Type>Weakness</Type>
  </Morality>
  <Morality>
    <Key>OBSTINATENESS</Key>
    <Name>Obstinance</Name>
    <Description>
      [H4]Obstinance (Weakness)[h4]
      Please see page 50 of the Force and Destiny Core Rulebook for details.
    </Description>
    <Source>Force and Destiny Core Rulebook</Source>
    <Type>Weakness</Type>
  </Morality>
</Moralities>