﻿<?xml version="1.0" encoding="utf-8" ?>
<Motivations>
  <Motivation>
    <Key>AMB</Key>
    <Name>Ambition</Name>
    <Description>
      [H4]Ambition[h4]
      Please see page 95 of the Edge of the Empire Core Rulebook, or page 105 of the Force and Destiny Core Rulebook, for details.
    </Description>
    <Sources>
      <Source>Edge of the Empire Core Rulebook</Source>
      <Source>Force and Destiny Core Rulebook</Source>
    </Sources>
    <SpecificMotivations>
      <Key>AMBFRIEND</Key>
      <Key>AMBLOVE</Key>
      <Key>AMBFREE</Key>
      <Key>AMBFAME</Key>
      <Key>AMBGREED</Key>
      <Key>AMBSTATUS</Key>
      <Key>AMBEXPER</Key>
      <Key>AMBWAND</Key>
      <Key>AMBPOWER</Key>
      <Key>AMBRELIGION</Key>
      <Key>AMBREVENGE</Key>
      <Key>AMBWEALTH</Key>
      <Key>AMBJEDI</Key>
      <Key>AMBSURVIVAL</Key>
      <Key>AMBGLORY</Key>
      <Key>AMBSITH</Key>
      <Key>AMBENLIGHT</Key>
      <Key>AMBDISC</Key>
    </SpecificMotivations>
  </Motivation>
  <Motivation>
    <Key>CAUSE</Key>
    <Name>Cause</Name>
    <Description>
      [H4]Cause[h4]
      Please see page 96 of the Edge of the Empire Core Rulebook, or page 105 of the Force and Destiny Core Rulebook, for details.
    </Description>
    <Sources>
      <Source>Edge of the Empire Core Rulebook</Source>
      <Source>Force and Destiny Core Rulebook</Source>
    </Sources>
    <SpecificMotivations>
      <Key>CAURELIGION</Key>
      <Key>CAUWEAK</Key>
      <Key>CAUNONHUM</Key>
      <Key>CAUPOLITICS</Key>
      <Key>CAUOVER</Key>
      <Key>CAUCRIME</Key>
      <Key>CAUEMANC</Key>
      <Key>CAUDROID</Key>
      <Key>CAUCAPITAL</Key>
      <Key>CAUEMPIRE</Key>
      <Key>CAUFREEDOM</Key>
      <Key>CAURESTJEDI</Key>
      <Key>CAUPEACE</Key>
      <Key>CAUJUSTICE</Key>
      <Key>CAUSTOPREB</Key>
      <Key>CAUEQUAL</Key>
      <Key>CAUHELPLESS</Key>
      <Key>CAUFREEENT</Key>
      <Key>CAUOVEREMP</Key>
      <Key>CAUKNOW</Key>
    </SpecificMotivations>
  </Motivation>
  <Motivation>
    <Key>REL</Key>
    <Name>Relationship</Name>
    <Description>
      Please see page 96 of the Edge of the Empire Core Rulebook for details.
    </Description>
    <Source>Edge of the Empire Core Rulebook</Source>
    <SpecificMotivations>
      <Key>RELORIGIN</Key>
      <Key>RELPET</Key>
      <Key>RELFRIEND</Key>
      <Key>RELCOMRADES</Key>
      <Key>RELSIB</Key>
      <Key>RELMENTOR</Key>
      <Key>RELPARENTS</Key>
      <Key>RELFAMILY</Key>
      <Key>RELDROID</Key>
      <Key>RELNEMESIS</Key>
    </SpecificMotivations>
  </Motivation>
    <Motivation>
    <Key>BELIEF</Key>
    <Name>Belief</Name>
    <Description>
		[H4]Belief[h4]
    Please see page 105 of the Age of Rebellion Core Rulebook for details.
	  </Description>
    <Source>Age of Rebellion Core Rulebook</Source>
    <SpecificMotivations>
      <Key>BELREPUBLIC</Key>
      <Key>BELHONOR</Key>
      <Key>BELFREEENT</Key>
      <Key>BELTHEJEDI</Key>
      <Key>BELJUSTICE</Key>
      <Key>BELSPRIGHTS</Key>
      <Key>BELPEACE</Key>
      <Key>BELRELPHIL</Key>
      <Key>BELLIBERTY</Key>
      <Key>BELFREE</Key>
      <Key>BELORDER</Key>
      <Key>BELPROGRESS</Key>
      <Key>BELFORCE</Key>
      <Key>BELCRIME</Key>
    </SpecificMotivations>
  </Motivation>
    <Motivation>
    <Key>CONNECT</Key>
    <Name>Connections</Name>
    <Description>
      [H4]Connections[h4]
      Please see page 106 of the Age of Rebellion Core Rulebook for details.
    </Description>
    <Source>Age of Rebellion Core Rulebook</Source>
    <SpecificMotivations>
      <Key>CONPOLITICAL</Key>
      <Key>CONFAMILY</Key>
      <Key>CONMILITARY</Key>
      <Key>CONINTEL</Key>
      <Key>CONFRIENDS</Key>
      <Key>CONUNDERWORLD</Key>
      <Key>CONECON</Key>
      <Key>CONRIVAL</Key>
      <Key>CONNOONE</Key>
      <Key>CONRESCUE</Key>
      <Key>CONEMPIRE</Key>
      <Key>CONLOVE</Key>
    </SpecificMotivations>
  </Motivation>
    <Motivation>
    <Key>QUEST</Key>
    <Name>Quest</Name>
    <Description>
      [H4]Quest[h4]
      Please see page 106 of the Age of Rebellion Core Rulebook for details.
    </Description>
    <Source>Age of Rebellion Core Rulebook</Source>
    <SpecificMotivations>
      <Key>QUEREDEM</Key>
      <Key>QUEGLORY</Key>
      <Key>QUEVENG</Key>
      <Key>QUEINFLU</Key>
      <Key>QUERESCUE</Key>
      <Key>QUEJEDI</Key>
      <Key>QUEFREEDOM</Key>
      <Key>QUETREAS</Key>
      <Key>QUETHRILL</Key>
      <Key>QUEPURPOSE</Key>
      <Key>QUERICHES</Key>
      <Key>QUESITH</Key>
    </SpecificMotivations>
  </Motivation>
  <!-- Enter the Unknown -->
  <Motivation>
    <Key>DISCOVERY</Key>
    <Name>Discovery</Name>
    <Description>
      [H4]Discovery[h4]
      Please see page 31 of the Enter the Unknown Sourcebook for details.
    </Description>
    <Source>Enter the Unknown</Source>
    <SpecificMotivations>
      <Key>DISCOVERYSM1</Key>
      <Key>DISCOVERYSM2</Key>
      <Key>DISCOVERYSM3</Key>
      <Key>DISCOVERYSM4</Key>
      <Key>DISCOVERYSM5</Key>
      <Key>DISCOVERYSM6</Key>
      <Key>DISCOVERYSM7</Key>
      <Key>DISCOVERYSM8</Key>
      <Key>DISCOVERYSM9</Key>
      <Key>DISCOVERYSM10</Key>
    </SpecificMotivations>
  </Motivation>
  <!-- Dangerous Covenants -->
  <Motivation>
    <Key>CONFLICT</Key>
    <Name>Conflict</Name>
    <Description>
      [H4]Conflict[h4]
      Please see page 34 of the Dangerous Covenants Sourcebook or page 34 of the Stay on Target Sourcebook for details.
    </Description>
    <Sources>
      <Source>Dangerous Covenants</Source>
      <Source>Stay on Target</Source>
    </Sources>
    <SpecificMotivations>
      <Key>CONFLICT1</Key>
      <Key>CONFLICT2</Key>
      <Key>CONFLICT3</Key>
      <Key>CONFLICT4</Key>
      <Key>CONFLICT5</Key>
      <Key>CONFLICT6</Key>
      <Key>CONFLICT7</Key>
      <Key>CONFLICT8</Key>
      <Key>CONFLICT9</Key>
      <Key>CONFLICT10</Key>
      <Key>CONFLICT11</Key>
      <Key>CONFLICT12</Key>
      <Key>CONFLICT13</Key>
      <Key>CONFLICT14</Key>
    </SpecificMotivations>
  </Motivation>
  <Motivation>
    <Key>CREATION</Key>
    <Name>Creations</Name>
    <Description>
      [H4]Creations[h4]
      Please see page 34 of the Far Horizons Sourcebook for details.
    </Description>
    <Source>Far Horizons</Source>
    <SpecificMotivations>
      <Key>CREATIONSM1</Key>
      <Key>CREATIONSM2</Key>
      <Key>CREATIONSM3</Key>
      <Key>CREATIONSM4</Key>
      <Key>CREATIONSM5</Key>
      <Key>CREATIONSM6</Key>
      <Key>CREATIONSM7</Key>
      <Key>CREATIONSM8</Key>
    </SpecificMotivations>
  </Motivation>
  
  <!-- Force and Destiny -->
  <Motivation>
    <Key>FAITH</Key>
    <Name>Faith</Name>
    <Description>
      [H4]Faith[h4]
      Please see page 105 of the Force and Destiny Core Rulebook for details.
    </Description>
    <Source>Force and Destiny Core Rulebook</Source>
    <SpecificMotivations>
      <Key>FAINAT</Key>
      <Key>FAIGOODPEOP</Key>
      <Key>FAIFRIENDFAM</Key>
      <Key>FAICOSMICFOR</Key>
      <Key>FAISCIENCE</Key>
      <Key>FAIJEDICODE</Key>
      <Key>FAIIMPRULE</Key>
      <Key>FAIREBELLION</Key>
      <Key>FAIRELCODE</Key>
      <Key>FAINOTHING</Key>
    </SpecificMotivations>
  </Motivation>
  <Motivation>
    <Key>REWARD</Key>
    <Name>Reward</Name>
    <Description>
      [H4]Reward[h4]
      Please see page 34 of the Fly Casual Sourcebook for details.
    </Description>
    <Source>Fly Casual</Source>
    <SpecificMotivations>
      <Key>REWARDSM1</Key>
      <Key>REWARDSM2</Key>
      <Key>REWARDSM3</Key>
      <Key>REWARDSM4</Key>
      <Key>REWARDSM5</Key>
      <Key>REWARDSM6</Key>
      <Key>REWARDSM7</Key>
      <Key>REWARDSM8</Key>
      <Key>REWARDSM9</Key>
      <Key>REWARDSM10</Key>
    </SpecificMotivations>
  </Motivation>
  <Motivation>
    <Key>CREED</Key>
    <Name>Creed</Name>
    <Description>
      [H4]Creed[h4]
      Please see page 36 of the Desperate Allies Sourcebook for details.
    </Description>
    <Source>Desperate Allies</Source>
    <SpecificMotivations>
      <Key>CREEDSM1</Key>
      <Key>CREEDSM2</Key>
      <Key>CREEDSM3</Key>
      <Key>CREEDSM4</Key>
      <Key>CREEDSM5</Key>
      <Key>CREEDSM6</Key>
      <Key>CREEDSM7</Key>
      <Key>CREEDSM8</Key>
      <Key>CREEDSM9</Key>
      <Key>CREEDSM10</Key>
    </SpecificMotivations>
  </Motivation>
</Motivations>