﻿<?xml version="1.0" encoding="utf-8" ?>
<Obligations>
  <Obligation>
    <Key>ADD</Key>
    <Name>Addiction</Name>
    <Description>
      [H4]Addiction[h4]
      Please see page 39 of the Edge of the Empire Core Rulebook for details.

    </Description>
    <Source>Edge of the Empire Core Rulebook</Source>
  </Obligation>
  <Obligation>
    <Key>BET</Key>
    <Name>Betrayal</Name>
    <Description>
      [H4]Betrayal[h4]
      Please see page 39 of the Edge of the Empire Core Rulebook, or page 17 of the Fly Casual Sourcebook, for details.
    </Description>
    <Sources>
      <Source>Edge of the Empire Core Rulebook</Source>
      <Source>Fly Casual</Source>
    </Sources>
  </Obligation>
  <Obligation>
    <Key>BLA</Key>
    <Name>Blackmail</Name>
    <Description>
      [H4]Blackmail[h4]
      Please see page 39 of the Edge of the Empire Core Rulebook for details.

    </Description>
    <Source>Edge of the Empire Core Rulebook</Source>
  </Obligation>
  <Obligation>
    <Key>BOU</Key>
    <Name>Bounty</Name>
    <Description>
      [H4]Bounty[h4]
      Please see page 39 of the Edge of the Empire Core Rulebook, page 17 of the Far Horizons Sourcebook, or page 17 of the Fly Casual Sourcebook, for details.
    </Description>
    <Sources>
      <Source>Edge of the Empire Core Rulebook</Source>
      <Source>Far Horizons</Source>
      <Source>Fly Casual</Source>
    </Sources>
  </Obligation>
  <Obligation>
    <Key>CRI</Key>
    <Name>Criminal</Name>
    <Description>
      [H4]Criminal[h4]
      Please see page 39 of the Edge of the Empire Core Rulebook, or page 17 of the Fly Casual Sourcebook, for details.
    </Description>
    <Sources>
      <Source>Edge of the Empire Core Rulebook</Source>
      <Source>Fly Casual</Source>
    </Sources>
  </Obligation>
  <Obligation>
    <Key>DEBT</Key>
    <Name>Debt</Name>
    <Description>
      [H4]Debt[h4]
      Please see page 39 of the Edge of the Empire Core Rulebook,  page 17 of the Far Horizons Sourcebook, or page 17 of the Fly Casual Sourcebook, for details.
    </Description>
    <Sources>
      <Source>Edge of the Empire Core Rulebook</Source>
      <Source>Far Horizons</Source>
      <Source>Fly Casual</Source>
    </Sources>
  </Obligation>
  <Obligation>
    <Key>DUT</Key>
    <Name>Dutybound</Name>
    <Description>
      [H4]Dutybound:[h4]
      Please see page 39 of the Edge of the Empire Core Rulebook for details.
    </Description>
    <Source>Edge of the Empire Core Rulebook</Source>
  </Obligation>
  <Obligation>
    <Key>FAM</Key>
    <Name>Family</Name>
    <Description>
      [H4]Family[h4]
      Please see page 39 of the Edge of the Empire Core Rulebook, page 17 of the Far Horizons Sourcebook, or page 17 of the Fly Casual Sourcebook, for details.
    </Description>
    <Sources>
      <Source>Edge of the Empire Core Rulebook</Source>
      <Source>Far Horizons</Source>
      <Source>Fly Casual</Source>
    </Sources>
  </Obligation>
  <Obligation>
    <Key>FAV</Key>
    <Name>Favor</Name>
    <Description>
      [H4]Favor[h4]
      Please see page 39 of the Edge of the Empire Core Rulebook, page 17 of the Far Horizons Sourcebook, or page 17 of the Fly Casual Sourcebook, for details.
    </Description>
    <Sources>
      <Source>Edge of the Empire Core Rulebook</Source>
      <Source>Far Horizons</Source>
      <Source>Fly Casual</Source>
    </Sources>
  </Obligation>
  <Obligation>
    <Key>OATH</Key>
    <Name>Oath</Name>
    <Description>
      [H4]Oath[h4]
      Please see page 39 of the Edge of the Empire Core Rulebook for details.
    </Description>
    <Source>Edge of the Empire Core Rulebook</Source>
  </Obligation>
  <Obligation>
    <Key>OBS</Key>
    <Name>Obsession</Name>
    <Description>
      [H4]Obsession[h4]
      Please see page 39 of the Edge of the Empire Core Rulebook for details.

    </Description>
    <Source>Edge of the Empire Core Rulebook</Source>
  </Obligation>
  <Obligation>
    <Key>RESP</Key>
    <Name>Responsibility</Name>
    <Description>
      [H4]Responsibility[h4]
      Please see page 39 of the Edge of the Empire Core Rulebook, or page 17 of the Far Horizons Sourcebook, for details.
    </Description>
    <Sources>
      <Source>Edge of the Empire Core Rulebook</Source>
      <Source>Far Horizons</Source>
    </Sources>
  </Obligation>
  <Obligation>
    <Key>SPON</Key>
    <Name>Sponsorship</Name>
    <Description>
      [H4]Sponsorship[h4]
      Please see page 19 of Enter the Unknown Sourcebook for details.
    </Description>
    <Source>Enter the Unknown</Source>
  </Obligation>
  <Obligation>
    <Key>FERV</Key>
    <Name>Fervor</Name>
    <Description>
      [H4]Fervor[h4]
    </Description>
    <Source>Enter the Unknown</Source>
  </Obligation>
  <Obligation>
    <Key>ADRENALINE</Key>
    <Name>Adrenaline Rush</Name>
    <Description>
      [H4]Adrenaline Rush[h4]
      Please see page 17 of Dangerous Covenants Sourcebook for details.
    </Description>
    <Source>Dangerous Covenants</Source>
  </Obligation>
  <Obligation>
    <Key>COLLATERAL</Key>
    <Name>Collateral Accountability</Name>
    <Description>
      [H4]Collateral Accountability[h4]
      Please see page 17 of Dangerous Covenants Sourcebook for details.
    </Description>
    <Source>Dangerous Covenants</Source>
  </Obligation>
  <Obligation>
    <Key>SCORE</Key>
    <Name>A Score to Settle</Name>
    <Description>
      [H4]A Score to Settle[h4]
      Please see page 17 of Dangerous Covenants Sourcebook for details.
    </Description>
    <Source>Dangerous Covenants</Source>
  </Obligation>
  <Obligation>
    <Key>PRICENAME</Key>
    <Name>The Price of a Name</Name>
    <Description>
      [H4]The Price of a Name[h4]
      Please see page 17 of Dangerous Covenants Sourcebook for details.
    </Description>
    <Source>Dangerous Covenants</Source>
  </Obligation>
  <Obligation>
    <Key>DISGRACED</Key>
    <Name>Disgraced</Name>
    <Description>
      [H4]Disgraced[h4]
      Please see page 17 of the Far Horizons Sourcebook for details.
    </Description>
    <Source>Far Horizons</Source>
  </Obligation>
  <Obligation>
    <Key>PHILAND</Key>
    <Name>Philanderer</Name>
    <Description>
      [H4]Philanderer[h4]
      Please see page 17 of the Far Horizons Sourcebook for details.
    </Description>
    <Source>Far Horizons</Source>
  </Obligation>
  <Obligation>
    <Key>EXILED</Key>
    <Name>Exiled</Name>
    <Description>
      [H4]Exiled[h4]
      Please see page 17 of the Far Horizons Sourcebook for details.
    </Description>
    <Source>Far Horizons</Source>
  </Obligation>
  <Obligation>
    <Key>CONTRACTED</Key>
    <Name>Contracted</Name>
    <Description>
      [H4]Contracted[h4]
      Please see page 17 of the Far Horizons Sourcebook for details.
    </Description>
    <Source>Far Horizons</Source>
  </Obligation>
  <Obligation>
    <Key>WITNESS</Key>
    <Name>Witness Protection</Name>
    <Description>
      [H4]Witness Protection[h4]
      Please see page 17 of the Far Horizons Sourcebook for details.
    </Description>
    <Source>Far Horizons</Source>
  </Obligation>
  <Obligation>
    <Key>PACIFIST</Key>
    <Name>Pacifist</Name>
    <Description>
      [H4]Pacifist[h4]
      Please see page 17 of the Far Horizons Sourcebook for details.
    </Description>
    <Source>Far Horizons</Source>
  </Obligation>
  <Obligation>
    <Key>FRONTIER</Key>
    <Name>Frontier Justice</Name>
    <Description>
      [H4]Frontier Justice[h4]
      Please see page 17 of the Far Horizons Sourcebook for details.
    </Description>
    <Source>Far Horizons</Source>
  </Obligation>
  <Obligation>
    <Key>ANTAG</Key>
    <Name>Antagonist</Name>
    <Description>
      [H4]Antagonist[h4]
      Please see page 17 of the Fly Casual Sourcebook for details.
    </Description>
    <Source>Fly Casual</Source>
  </Obligation>
  <Obligation>
    <Key>BADREP</Key>
    <Name>Bad Reputation</Name>
    <Description>
      [H4]Bad Reputation[h4]
      Please see page 17 of the Fly Casual Sourcebook for details.
    </Description>
    <Source>Fly Casual</Source>
  </Obligation>
  <Obligation>
    <Key>NOTORIETY</Key>
    <Name>Notoriety</Name>
    <Description>
      [H4]Notoriety[h4]
      Please see page 17 of the Fly Casual Sourcebook for details.
    </Description>
    <Source>Fly Casual</Source>
  </Obligation>
  <Obligation>
    <Key>HIGHRISK</Key>
    <Name>High Risk</Name>
    <Description>
      [H4]High Risk[h4]
      Please see page 17 of the Fly Casual Sourcebook for details.
    </Description>
    <Source>Fly Casual</Source>
  </Obligation>
  <Obligation>
    <Key>SERVITUDE</Key>
    <Name>Servitude</Name>
    <Description>
      [H4]Servitude[h4]
      Please see page 17 of the Fly Casual Sourcebook for details.
    </Description>
    <Source>Fly Casual</Source>
  </Obligation>
  <Obligation>
    <Key>UNDERCONTRACT</Key>
    <Name>Under Contract</Name>
    <Description>
      [H4]Under Contract[h4]
      Please see page 17 of the Fly Casual Sourcebook for details.
    </Description>
    <Source>Fly Casual</Source>
  </Obligation>
</Obligations>