﻿<?xml version="1.0" encoding="utf-8" ?>
<VehActions>
  <VehAction>
    <Key>ACCDEC</Key>
    <Name>Accelerate/Decelerate</Name>
    <Description>Please see page 232 of the Edge of the Empire Core Rulebook, or page 245 of the Age of Rebellion Core Rulebook, for details</Description>
    <ActionType>Maneuver</ActionType>
    <PilotOnly>true</PilotOnly>
    <SilhLow>-1</SilhLow>
    <SilhHigh>-1</SilhHigh>
    <SpeedLow>-1</SpeedLow>
    <SpeedHigh>-1</SpeedHigh>
    <Skills></Skills>
  </VehAction>
  <VehAction>
    <Key>FLYDRIVE</Key>
    <Name>Fly/Drive</Name>
    <Description>Please see page 232 of the Edge of the Empire Core Rulebook, or page 245 of the Age of Rebellion Core Rulebook, for details</Description>
    <ActionType>Maneuver</ActionType>
    <PilotOnly>true</PilotOnly>
    <SilhLow>-1</SilhLow>
    <SilhHigh>-1</SilhHigh>
    <SpeedLow>-1</SpeedLow>
    <SpeedHigh>-1</SpeedHigh>
    <Skills></Skills>
  </VehAction>
  <VehAction>
    <Key>EVASMAN</Key>
    <Name>Evasive Maneuvers</Name>
    <Description>Please see page 232 of the Edge of the Empire Core Rulebook, or page 245 of the Age of Rebellion Core Rulebook, for details</Description>
    <ActionType>Maneuver</ActionType>
    <PilotOnly>true</PilotOnly>
    <SilhLow>1</SilhLow>
    <SilhHigh>4</SilhHigh>
    <SpeedLow>3</SpeedLow>
    <SpeedHigh>-1</SpeedHigh>
    <Active>true</Active>
    <Skills></Skills>
  </VehAction>
  <VehAction>
    <Key>STAY</Key>
    <Name>Stay on Target</Name>
    <Description>Please see page 233 of the Edge of the Empire Core Rulebook, or page 245 of the Age of Rebellion Core Rulebook, for details</Description>
    <ActionType>Maneuver</ActionType>
    <PilotOnly>true</PilotOnly>
    <SilhLow>1</SilhLow>
    <SilhHigh>4</SilhHigh>
    <SpeedLow>3</SpeedLow>
    <SpeedHigh>-1</SpeedHigh>
    <Active>true</Active>
    <Skills></Skills>
  </VehAction>
  <VehAction>
    <Key>PUNCH</Key>
    <Name>Punch It</Name>
    <Description>Please see page 233 of the Edge of the Empire Core Rulebook, or page 246 of the Age of Rebellion Core Rulebook, for details</Description>
    <ActionType>Maneuver</ActionType>
    <PilotOnly>true</PilotOnly>
    <SilhLow>1</SilhLow>
    <SilhHigh>4</SilhHigh>
    <SpeedLow>-1</SpeedLow>
    <SpeedHigh>-1</SpeedHigh>
    <Skills></Skills>
  </VehAction>
  <VehAction>
    <Key>ANGLEDEF</Key>
    <Name>Angle Deflector Shields</Name>
    <Description>Please see page 233 of the Edge of the Empire Core Rulebook, or page 246 of the Age of Rebellion Core Rulebook, for details</Description>
    <ActionType>Maneuver</ActionType>
    <PilotOnly>false</PilotOnly>
    <SilhLow>-1</SilhLow>
    <SilhHigh>-1</SilhHigh>
    <SpeedLow>-1</SpeedLow>
    <SpeedHigh>-1</SpeedHigh>
    <Skills></Skills>
  </VehAction>
  <VehAction>
    <Key>MECHINCPOW</Key>
    <Name>Increase Power</Name>
    <Description>Please see page 72 of the Stay on Target Sourcebook for details</Description>
    <ActionType>Maneuver</ActionType>
    <PilotOnly>false</PilotOnly>
    <SilhLow>-1</SilhLow>
    <SilhHigh>3</SilhHigh>
    <SpeedLow>-1</SpeedLow>
    <SpeedHigh>-1</SpeedHigh>
    <Active>true</Active>
    <Skills></Skills>
  </VehAction>
  <VehAction>
    <Key>BLANKBARR</Key>
    <Name>Blanket Barrage</Name>
    <Description>Please see page 246 of the Age of Rebellion Core Rulebook for details.</Description>
    <ActionType>Action</ActionType>
    <PilotOnly>false</PilotOnly>
    <SilhLow>5</SilhLow>
    <SilhHigh>-1</SilhHigh>
    <SpeedLow>-1</SpeedLow>
    <SpeedHigh>3</SpeedHigh>
    <Skills>
      <Key>GUNN</Key>
    </Skills>
  </VehAction>
  <VehAction>
    <Key>CONCBARR</Key>
    <Name>Concentrated Barrage</Name>
    <Description>Please see page 246 of the Age of Rebellion Core Rulebook for details.</Description>
    <ActionType>Action</ActionType>
    <PilotOnly>false</PilotOnly>
    <SilhLow>5</SilhLow>
    <SilhHigh>-1</SilhHigh>
    <SpeedLow>-1</SpeedLow>
    <SpeedHigh>3</SpeedHigh>
    <Skills>
      <Key>GUNN</Key>
    </Skills>
  </VehAction>
  <VehAction>
    <Key>OVERBARR</Key>
    <Name>Overwhelming Barrage</Name>
    <Description>Please see page 248 of the Age of Rebellion Core Rulebook for details.</Description>
    <ActionType>Action</ActionType>
    <PilotOnly>false</PilotOnly>
    <SilhLow>5</SilhLow>
    <SilhHigh>-1</SilhHigh>
    <SpeedLow>-1</SpeedLow>
    <SpeedHigh>3</SpeedHigh>
    <Skills>
      <Key>GUNN</Key>
    </Skills>
  </VehAction>
  <VehAction>
    <Key>DAMCONT</Key>
    <Name>Damage Control</Name>
    <Description>Please see page 233 of the Edge of the Empire Core Rulebook, or page 247 of the Age of Rebellion Core Rulebook, for details</Description>
    <ActionType>Action</ActionType>
    <PilotOnly>false</PilotOnly>
    <SilhLow>-1</SilhLow>
    <SilhHigh>-1</SilhHigh>
    <SpeedLow>-1</SpeedLow>
    <SpeedHigh>-1</SpeedHigh>
    <Skills>
      <Key>MECH</Key>
    </Skills>
  </VehAction>
  <VehAction>
    <Key>GAINADV</Key>
    <Name>Gain the Advantage</Name>
    <Description>Please see page 234 of the Edge of the Empire Core Rulebook, or page 247 of the Age of Rebellion Core Rulebook, for details</Description>
    <ActionType>Action</ActionType>
    <PilotOnly>true</PilotOnly>
    <SilhLow>1</SilhLow>
    <SilhHigh>4</SilhHigh>
    <SpeedLow>4</SpeedLow>
    <SpeedHigh>-1</SpeedHigh>
    <Active>true</Active>
    <Skills>
      <Key>PILOTPL</Key>
      <Key>PILOTSP</Key>
    </Skills>
  </VehAction>
  <VehAction>
    <Key>COMBAT</Key>
    <Name>Combat Check with Weapon</Name>
    <Description>Please see page 234 of the Edge of the Empire Core Rulebook, or page 249 of the Age of Rebellion Core Rulebook, for details</Description>
    <ActionType>Action</ActionType>
    <PilotOnly>false</PilotOnly>
    <SilhLow>-1</SilhLow>
    <SilhHigh>-1</SilhHigh>
    <SpeedLow>-1</SpeedLow>
    <SpeedHigh>-1</SpeedHigh>
    <Skills>
    </Skills>
  </VehAction>
  <VehAction>
    <Key>PLOTCOURSE</Key>
    <Name>Plot Course</Name>
    <Description>Please see page 237 of the Edge of the Empire Core Rulebook, or page 248 of the Age of Rebellion Core Rulebook, for details</Description>
    <ActionType>Action</ActionType>
    <PilotOnly>false</PilotOnly>
    <SilhLow>-1</SilhLow>
    <SilhHigh>-1</SilhHigh>
    <SpeedLow>-1</SpeedLow>
    <SpeedHigh>-1</SpeedHigh>
    <Skills>
      <Key>ASTRO</Key>
      <Key>PERC</Key>
    </Skills>
  </VehAction>
  <VehAction>
    <Key>COPILOT</Key>
    <Name>Copilot</Name>
    <Description>Please see page 237 of the Edge of the Empire Core Rulebook, or page 248 of the Age of Rebellion Core Rulebook, for details</Description>
    <ActionType>Action</ActionType>
    <PilotOnly>false</PilotOnly>
    <SilhLow>-1</SilhLow>
    <SilhHigh>-1</SilhHigh>
    <SpeedLow>-1</SpeedLow>
    <SpeedHigh>-1</SpeedHigh>
    <Skills>
      <Key>PILOTPL</Key>
      <Key>PILOTSP</Key>
    </Skills>
  </VehAction>
  <VehAction>
    <Key>JAM</Key>
    <Name>Jamming</Name>
    <Description>Please see page 237 of the Edge of the Empire Core Rulebook, or page 248 of the Age of Rebellion Core Rulebook, for details</Description>
    <ActionType>Action</ActionType>
    <PilotOnly>false</PilotOnly>
    <SilhLow>-1</SilhLow>
    <SilhHigh>-1</SilhHigh>
    <SpeedLow>-1</SpeedLow>
    <SpeedHigh>-1</SpeedHigh>
    <Skills>
      <Key>COMP</Key>
    </Skills>
  </VehAction>
  <VehAction>
    <Key>BOOSTSHIELD</Key>
    <Name>Boost Shields</Name>
    <Description>Please see page 237 of the Edge of the Empire Core Rulebook, or page 248 of the Age of Rebellion Core Rulebook, for details</Description>
    <ActionType>Action</ActionType>
    <PilotOnly>false</PilotOnly>
    <SilhLow>-1</SilhLow>
    <SilhHigh>-1</SilhHigh>
    <SpeedLow>-1</SpeedLow>
    <SpeedHigh>-1</SpeedHigh>
    <Skills>
      <Key>MECH</Key>
    </Skills>
  </VehAction>
  <VehAction>
    <Key>MANREP</Key>
    <Name>Manual Repairs</Name>
    <Description>Please see page 237 of the Edge of the Empire Core Rulebook, or page 248 of the Age of Rebellion Core Rulebook, for details</Description>
    <ActionType>Action</ActionType>
    <PilotOnly>false</PilotOnly>
    <SilhLow>-1</SilhLow>
    <SilhHigh>-1</SilhHigh>
    <SpeedLow>-1</SpeedLow>
    <SpeedHigh>-1</SpeedHigh>
    <Skills>
      <Key>ATHL</Key>
    </Skills>
  </VehAction>
  <VehAction>
    <Key>FIREDISC</Key>
    <Name>Fire Discipline</Name>
    <Description>Please see page 237 of the Edge of the Empire Core Rulebook, or page 248 of the Age of Rebellion Core Rulebook, for details</Description>
    <ActionType>Action</ActionType>
    <PilotOnly>false</PilotOnly>
    <SilhLow>-1</SilhLow>
    <SilhHigh>-1</SilhHigh>
    <SpeedLow>-1</SpeedLow>
    <SpeedHigh>-1</SpeedHigh>
    <Skills>
      <Key>DISC</Key>
      <Key>LEAD</Key>
    </Skills>
  </VehAction>
  <VehAction>
    <Key>SCANENEMY</Key>
    <Name>Scan the Enemy</Name>
    <Description>Please see page 237 of the Edge of the Empire Core Rulebook, or page 248 of the Age of Rebellion Core Rulebook, for details</Description>
    <ActionType>Action</ActionType>
    <PilotOnly>false</PilotOnly>
    <SilhLow>-1</SilhLow>
    <SilhHigh>-1</SilhHigh>
    <SpeedLow>-1</SpeedLow>
    <SpeedHigh>-1</SpeedHigh>
    <Skills>
      <Key>PERC</Key>
    </Skills>
  </VehAction>
  <VehAction>
    <Key>SLICE</Key>
    <Name>Slice Enemy's Systems</Name>
    <Description>Please see page 237 of the Edge of the Empire Core Rulebook, or page 248 of the Age of Rebellion Core Rulebook, for details</Description>
    <ActionType>Action</ActionType>
    <PilotOnly>false</PilotOnly>
    <SilhLow>-1</SilhLow>
    <SilhHigh>-1</SilhHigh>
    <SpeedLow>-1</SpeedLow>
    <SpeedHigh>-1</SpeedHigh>
    <Skills>
      <Key>COMP</Key>
    </Skills>
  </VehAction>
  <VehAction>
    <Key>SPOOFMISS</Key>
    <Name>Spoof Missiles</Name>
    <Description>Please see page 237 of the Edge of the Empire Core Rulebook, or page 248 of the Age of Rebellion Core Rulebook, for details</Description>
    <ActionType>Action</ActionType>
    <PilotOnly>false</PilotOnly>
    <SilhLow>-1</SilhLow>
    <SilhHigh>-1</SilhHigh>
    <SpeedLow>-1</SpeedLow>
    <SpeedHigh>-1</SpeedHigh>
    <Skills>
      <Key>COMP</Key>
      <Key>VIGIL</Key>
    </Skills>
  </VehAction>
  <VehAction>
    <Key>MECHWATCHBACK</Key>
    <Name>Watch Your Back!</Name>
    <Description>Please see page 73 of the Stay on Target Sourcebook for details</Description>
    <ActionType>Action</ActionType>
    <PilotOnly>false</PilotOnly>
    <SilhLow>-1</SilhLow>
    <SilhHigh>-1</SilhHigh>
    <SpeedLow>-1</SpeedLow>
    <SpeedHigh>-1</SpeedHigh>
    <Active>true</Active>
    <Skills>
      <Key>COMP</Key>
    </Skills>
  </VehAction>
  <VehAction>
    <Key>MECHTARGETLOCK</Key>
    <Name>Target Lock</Name>
    <Description>Please see page 73 of the Stay on Target Sourcebook for details</Description>
    <ActionType>Action</ActionType>
    <PilotOnly>false</PilotOnly>
    <SilhLow>-1</SilhLow>
    <SilhHigh>-1</SilhHigh>
    <SpeedLow>-1</SpeedLow>
    <SpeedHigh>-1</SpeedHigh>
    <Active>true</Active>
    <Skills>
      <Key>COMP</Key>
    </Skills>
  </VehAction>
</VehActions>
