﻿<?xml version="1.0" encoding="utf-8" ?>
<VehPositions>
  <VehPosition>
    <Key>PILOT</Key>
    <Name>Pilot</Name>
    <Description></Description>
    <Actions>
      <Key>ACCDEC</Key>
      <Key>FLYDRIVE</Key>
      <Key>EVASMAN</Key>
      <Key>STAY</Key>
      <Key>PUNCH</Key>
      <Key>GAINADV</Key>
    </Actions>
  </VehPosition>
  <VehPosition>
    <Key>COPILOT</Key>
    <Name>Co-Pilot</Name>
    <Description></Description>
    <Actions>
      <Key>COPILOT</Key>
    </Actions>
  </VehPosition>
  <VehPosition>
    <Key>NAV</Key>
    <Name>Navigator</Name>
    <Description></Description>
    <Actions>
      <Key>PLOTCOURSE</Key>
    </Actions>
  </VehPosition>
  <VehPosition>
    <Key>ENGINE</Key>
    <Name>Engineer</Name>
    <Description></Description>
    <Actions>
      <Key>ANGLEDEF</Key>
      <Key>BOOSTSHIELD</Key>
      <Key>MANREP</Key>
      <Key>DAMCONT</Key>
    </Actions>
  </VehPosition>
  <VehPosition>
    <Key>COMM</Key>
    <Name>Communications</Name>
    <Description></Description>
    <Actions>
      <Key>JAM</Key>
      <Key>SCANENEMY</Key>
      <Key>SLICE</Key>
    </Actions>
  </VehPosition>
  <VehPosition>
    <Key>TACT</Key>
    <Name>Tactician</Name>
    <Description></Description>
    <Actions>
      <Key>FIREDISC</Key>
    </Actions>
  </VehPosition>
  <VehPosition>
    <Key>ORD</Key>
    <Name>Ordnance</Name>
    <Description></Description>
    <Actions>
      <Key>SPOOFMISS</Key>
    </Actions>
  </VehPosition>
  <VehPosition>
    <Key>FIRECTL</Key>
    <Name>Fire Control</Name>
    <Description></Description>
    <Actions>
      <Key>BLANKBARR</Key>
      <Key>CONCBARR</Key>
      <Key>OVERBARR</Key>
    </Actions>
  </VehPosition>
  <VehPosition>
    <Key>GUN</Key>
    <Name>Gunner</Name>
    <Description></Description>
    <Actions>
      <Key>COMBAT</Key>
    </Actions>
    <ForWeapon>true</ForWeapon>
  </VehPosition>
  <VehPosition>
    <Key>ASTRO</Key>
    <Name>Astromech</Name>
    <Description></Description>
    <Actions>
      <Key>ANGLEDEF</Key>
      <Key>MECHINCPOW</Key>
      <Key>PLOTCOURSE</Key>
      <Key>MECHWATCHBACK</Key>
      <Key>MECHTARGETLOCK</Key>
    </Actions>
    <ForWeapon>false</ForWeapon>
  </VehPosition>
</VehPositions>
